-3.87254e-05,-3.75319e-05,-0.00227186,-0.00220184,-3.75319e-05,-3.87254e-05,
-3.94154e-05,-3.88178e-05,-0.00231233,-0.00227727,-3.88178e-05,-3.94154e-05,
-4.01682e-05,-4.00382e-05,-0.0023565,-0.00234887,-4.00382e-05,-4.01682e-05,
-4.09578e-05,-4.12513e-05,-0.00240281,-0.00242003,-4.12513e-05,-4.09578e-05,
-4.17601e-05,-4.24725e-05,-0.00244988,-0.00249167,-4.24725e-05,-4.17601e-05,
-4.2557e-05,-4.36973e-05,-0.00249663,-0.00256352,-4.36973e-05,-4.2557e-05,
-4.3359e-05,-4.49523e-05,-0.00254367,-0.00263714,-4.49523e-05,-4.3359e-05,
-4.41553e-05,-4.62247e-05,-0.00259038,-0.00271178,-4.62247e-05,-4.41553e-05,
-4.49452e-05,-4.75128e-05,-0.00263671,-0.00278734,-4.75128e-05,-4.49452e-05,
-4.57285e-05,-4.88145e-05,-0.00268266,-0.0028637,-4.88145e-05,-4.57285e-05,
-4.6498e-05,-5.01146e-05,-0.0027278,-0.00293997,-5.01146e-05,-4.6498e-05,
-4.72621e-05,-5.14241e-05,-0.00277262,-0.00301678,-5.14241e-05,-4.72621e-05,
-4.80292e-05,-5.27546e-05,-0.00281762,-0.00309483,-5.27546e-05,-4.80292e-05,
-4.87922e-05,-5.40916e-05,-0.00286237,-0.00317326,-5.40916e-05,-4.87922e-05,
-4.95517e-05,-5.5434e-05,-0.00290693,-0.00325201,-5.5434e-05,-4.95517e-05,
-5.03084e-05,-5.67808e-05,-0.00295131,-0.00333101,-5.67808e-05,-5.03084e-05,
-5.10551e-05,-5.81178e-05,-0.00299511,-0.00340944,-5.81178e-05,-5.10551e-05,
-5.18066e-05,-5.94711e-05,-0.00303919,-0.00348882,-5.94711e-05,-5.18066e-05,
-5.25551e-05,-6.08268e-05,-0.0030831,-0.00356835,-6.08268e-05,-5.25551e-05,
-5.33011e-05,-6.21845e-05,-0.00312685,-0.00364799,-6.21845e-05,-5.33011e-05,
-5.40384e-05,-6.35305e-05,-0.0031701,-0.00372694,-6.35305e-05,-5.40384e-05,
-5.4775e-05,-6.48779e-05,-0.00321331,-0.00380598,-6.48779e-05,-5.4775e-05,
-5.55116e-05,-6.62265e-05,-0.00325651,-0.00388509,-6.62265e-05,-5.55116e-05,
-5.6248e-05,-6.75762e-05,-0.00329971,-0.00396426,-6.75762e-05,-5.6248e-05,
-5.69844e-05,-6.89267e-05,-0.0033429,-0.00404348,-6.89267e-05,-5.69844e-05,
-5.77282e-05,-7.02915e-05,-0.00338653,-0.00412353,-7.02915e-05,-5.77282e-05,
-5.84718e-05,-7.16568e-05,-0.00343015,-0.00420362,-7.16568e-05,-5.84718e-05,
-5.92155e-05,-7.30226e-05,-0.00347376,-0.00428373,-7.30226e-05,-5.92155e-05,
-5.99591e-05,-7.43888e-05,-0.00351738,-0.00436387,-7.43888e-05,-5.99591e-05,
-6.07026e-05,-7.57553e-05,-0.00356099,-0.00444402,-7.57553e-05,-6.07026e-05,
-6.14386e-05,-7.71085e-05,-0.00360416,-0.0045234,-7.71085e-05,-6.14386e-05,
-6.21819e-05,-7.84754e-05,-0.00364775,-0.00460358,-7.84754e-05,-6.21819e-05,
-6.2925e-05,-7.98425e-05,-0.00369134,-0.00468377,-7.98425e-05,-6.2925e-05,
-6.36607e-05,-8.11962e-05,-0.00373449,-0.00476317,-8.11962e-05,-6.36607e-05,
-6.44036e-05,-8.25635e-05,-0.00377807,-0.00484337,-8.25635e-05,-6.44036e-05,
-6.51465e-05,-8.3931e-05,-0.00382164,-0.00492358,-8.3931e-05,-6.51465e-05,
-6.58894e-05,-8.52984e-05,-0.00386521,-0.00500379,-8.52984e-05,-6.58894e-05,
-6.66322e-05,-8.66659e-05,-0.00390878,-0.005084,-8.66659e-05,-6.66322e-05,
-6.73749e-05,-8.80335e-05,-0.00395234,-0.00516421,-8.80335e-05,-6.73749e-05,
-6.81176e-05,-8.94011e-05,-0.0039959,-0.00524443,-8.94011e-05,-6.81176e-05,
-6.88603e-05,-9.07687e-05,-0.00403946,-0.00532465,-9.07687e-05,-6.88603e-05,
-6.96029e-05,-9.21364e-05,-0.00408302,-0.00540487,-9.21364e-05,-6.96029e-05,
-7.03455e-05,-9.35041e-05,-0.00412657,-0.00548509,-9.35041e-05,-7.03455e-05,
-7.10881e-05,-9.48717e-05,-0.00417012,-0.00556531,-9.48717e-05,-7.10881e-05,
-7.18307e-05,-9.62394e-05,-0.00421368,-0.00564553,-9.62394e-05,-7.18307e-05,
-7.25732e-05,-9.76071e-05,-0.00425723,-0.00572575,-9.76071e-05,-7.25732e-05,
-7.33084e-05,-9.89613e-05,-0.00430035,-0.00580517,-9.89613e-05,-7.33084e-05,
-7.40509e-05,-0.000100329,-0.00434389,-0.00588539,-0.000100329,-7.40509e-05,
-7.4786e-05,-0.000101683,-0.00438701,-0.00596482,-0.000101683,-7.4786e-05,
-7.55285e-05,-0.000103051,-0.00443056,-0.00604504,-0.000103051,-7.55285e-05,
-7.6271e-05,-0.000104419,-0.0044741,-0.00612526,-0.000104419,-7.6271e-05,
-7.70135e-05,-0.000105786,-0.00451765,-0.00620548,-0.000105786,-7.70135e-05,
-7.77559e-05,-0.000107154,-0.00456119,-0.0062857,-0.000107154,-7.77559e-05,
-7.84983e-05,-0.000108522,-0.00460473,-0.00636591,-0.000108522,-7.84983e-05,
-7.92407e-05,-0.000109889,-0.00464828,-0.00644613,-0.000109889,-7.92407e-05,
-7.99831e-05,-0.000111257,-0.00469182,-0.00652635,-0.000111257,-7.99831e-05,
-8.07255e-05,-0.000112625,-0.00473536,-0.00660657,-0.000112625,-8.07255e-05,
-8.14606e-05,-0.000113979,-0.00477846,-0.00668599,-0.000113979,-8.14606e-05,
-8.22029e-05,-0.000115347,-0.004822,-0.0067662,-0.000115347,-8.22029e-05,
-8.29379e-05,-0.000116701,-0.00486511,-0.00684563,-0.000116701,-8.29379e-05,
-8.36803e-05,-0.000118068,-0.00490865,-0.00692584,-0.000118068,-8.36803e-05,
-8.44226e-05,-0.000119436,-0.00495218,-0.00700606,-0.000119436,-8.44226e-05,
-8.51649e-05,-0.000120804,-0.00499572,-0.00708627,-0.000120804,-8.51649e-05,
-8.59072e-05,-0.000122172,-0.00503925,-0.00716648,-0.000122172,-8.59072e-05,
-8.66495e-05,-0.000123539,-0.00508278,-0.0072467,-0.000123539,-8.66495e-05,
-8.65397e-05,-0.000124758,-0.00507633,-0.00731817,-0.000124758,-8.65397e-05,
-8.5176e-05,-0.000125762,-0.00499633,-0.00737704,-0.000125762,-8.5176e-05,
-8.41899e-05,-0.000126823,-0.00493847,-0.00743929,-0.000126823,-8.41899e-05,
-8.2792e-05,-0.000127805,-0.00485646,-0.00749685,-0.000127805,-8.2792e-05,
-8.18327e-05,-0.000128875,-0.00480018,-0.0075596,-0.000128875,-8.18327e-05,
-8.04374e-05,-0.000129857,-0.00471832,-0.00761718,-0.000129857,-8.04374e-05,
-7.94755e-05,-0.000130927,-0.00466188,-0.00767992,-0.000130927,-7.94755e-05,
-7.80875e-05,-0.000131922,-0.00458045,-0.00773829,-0.000131922,-7.80875e-05,
-7.71256e-05,-0.000132992,-0.00452402,-0.00780103,-0.000132992,-7.71256e-05,
-7.57376e-05,-0.000133988,-0.00444259,-0.0078594,-0.000133988,-7.57376e-05,
-7.44321e-05,-0.000135009,-0.004366,-0.00791927,-0.000135009,-7.44321e-05,
-7.33876e-05,-0.000136053,-0.00430473,-0.00798051,-0.000136053,-7.33876e-05,
-7.20165e-05,-0.000137043,-0.00422429,-0.00803858,-0.000137043,-7.20165e-05,
-7.10303e-05,-0.000138105,-0.00416643,-0.00810082,-0.000138105,-7.10303e-05,
-6.96422e-05,-0.0001391,-0.004085,-0.00815919,-0.0001391,-6.96422e-05,
-6.86803e-05,-0.00014017,-0.00402857,-0.00822193,-0.00014017,-6.86803e-05,
-6.72922e-05,-0.000141166,-0.00394714,-0.0082803,-0.000141166,-6.72922e-05,
-6.63302e-05,-0.000142235,-0.0038907,-0.00834304,-0.000142235,-6.63302e-05,
-6.49422e-05,-0.000143231,-0.00380928,-0.00840141,-0.000143231,-6.49422e-05,
-6.36367e-05,-0.000144252,-0.00373269,-0.00846128,-0.000144252,-6.36367e-05,
-6.25921e-05,-0.000145296,-0.00367141,-0.00852252,-0.000145296,-6.25921e-05,
-6.12282e-05,-0.0001463,-0.0035914,-0.00858138,-0.0001463,-6.12282e-05,
-6.02346e-05,-0.000147348,-0.00353311,-0.00864283,-0.000147348,-6.02346e-05,
-5.88465e-05,-0.000148344,-0.00345168,-0.0087012,-0.000148344,-5.88465e-05,
-5.78845e-05,-0.000149414,-0.00339525,-0.00876393,-0.000149414,-5.78845e-05,
-5.64964e-05,-0.000150409,-0.00331382,-0.00882231,-0.000150409,-5.64964e-05,
-5.55343e-05,-0.000151479,-0.00325738,-0.00888504,-0.000151479,-5.55343e-05,
-5.45185e-05,-0.000152308,-0.00319779,-0.00893367,-0.000152308,-5.45185e-05,
-5.40672e-05,-0.000151784,-0.00317131,-0.0089029,-0.000151784,-5.40672e-05,
-5.38578e-05,-0.000151109,-0.00315901,-0.00886328,-0.000151109,-5.38578e-05,
-5.35855e-05,-0.000150586,-0.00314303,-0.00883258,-0.000150586,-5.35855e-05,
-5.32083e-05,-0.000149925,-0.0031209,-0.00879374,-0.000149925,-5.32083e-05,
-5.28804e-05,-0.000149349,-0.00310165,-0.00875991,-0.000149349,-5.28804e-05,
-5.22598e-05,-0.000148596,-0.00306524,-0.00871574,-0.000148596,-5.22598e-05,
-5.19269e-05,-0.000148086,-0.00304571,-0.00868581,-0.000148086,-5.19269e-05,
-5.15524e-05,-0.000147425,-0.00302373,-0.00864702,-0.000147425,-5.15524e-05,
-5.11816e-05,-0.000146768,-0.00300197,-0.00860843,-0.000146768,-5.11816e-05,
-5.10849e-05,-0.000146167,-0.00299629,-0.00857313,-0.000146167,-5.10849e-05,
-5.04965e-05,-0.000145575,-0.00296177,-0.00853838,-0.000145575,-5.04965e-05,
-5.02354e-05,-0.000145042,-0.00294645,-0.00850714,-0.000145042,-5.02354e-05,
-4.99189e-05,-0.000144456,-0.00292787,-0.00847273,-0.000144456,-4.99189e-05,
-4.94675e-05,-0.000143772,-0.00290139,-0.00843256,-0.000143772,-4.94675e-05,
-4.91976e-05,-0.000143233,-0.00288555,-0.00840095,-0.000143233,-4.91976e-05,
-4.90486e-05,-0.000142563,-0.0028768,-0.00836162,-0.000142563,-4.90486e-05,
-4.84754e-05,-0.000141962,-0.00284317,-0.00832634,-0.000141962,-4.84754e-05,
-4.80491e-05,-0.000141302,-0.00281816,-0.00828759,-0.000141302,-4.80491e-05,
-4.79523e-05,-0.000140717,-0.00281247,-0.00825323,-0.000140717,-4.79523e-05,
-4.74107e-05,-0.000140108,-0.0027807,-0.00821753,-0.000140108,-4.74107e-05,
-4.70868e-05,-0.00013956,-0.00276169,-0.00818533,-0.00013956,-4.70868e-05,
-4.66855e-05,-0.000138855,-0.00273814,-0.00814393,-0.000138855,-4.66855e-05,
-4.64828e-05,-0.000138391,-0.00272624,-0.00811671,-0.000138391,-4.64828e-05,
-4.60627e-05,-0.000137715,-0.0027016,-0.00807706,-0.000137715,-4.60627e-05,
-4.57167e-05,-0.00013712,-0.0026813,-0.00804214,-0.00013712,-4.57167e-05,
-4.55438e-05,-0.000136454,-0.00267115,-0.00800304,-0.000136454,-4.55438e-05,
-4.49313e-05,-0.00013579,-0.00263522,-0.00796405,-0.00013579,-4.49313e-05,
-4.46597e-05,-0.000135251,-0.00261928,-0.00793244,-0.000135251,-4.46597e-05,
-4.4337e-05,-0.000134659,-0.00260034,-0.00789768,-0.000134659,-4.4337e-05,
-4.41754e-05,-0.000134014,-0.00259085,-0.00785985,-0.000134014,-4.41754e-05,
-4.36542e-05,-0.000133397,-0.00256028,-0.0078236,-0.000133397,-4.36542e-05,
-4.35182e-05,-0.000132811,-0.00255229,-0.00778922,-0.000132811,-4.35182e-05,
-4.30956e-05,-0.000132152,-0.0025275,-0.00775052,-0.000132152,-4.30956e-05,
-4.25041e-05,-0.00013149,-0.0024928,-0.00771168,-0.00013149,-4.25041e-05,
-4.22224e-05,-0.000130882,-0.00247627,-0.00767599,-0.000130882,-4.22224e-05,
-4.18602e-05,-0.000130348,-0.00245502,-0.00764467,-0.000130348,-4.18602e-05,
-4.1516e-05,-0.000129696,-0.00243482,-0.00760639,-0.000129696,-4.1516e-05,
-4.14477e-05,-0.00012917,-0.00243081,-0.00757554,-0.00012917,-4.14477e-05,
-4.08772e-05,-0.000128554,-0.00239735,-0.00753935,-0.000128554,-4.08772e-05,
-4.04586e-05,-0.000127878,-0.00237279,-0.00749971,-0.000127878,-4.04586e-05,
-4.01735e-05,-0.000127298,-0.00235606,-0.00746568,-0.000127298,-4.01735e-05,
-3.98587e-05,-0.000126764,-0.00233759,-0.00743429,-0.000126764,-3.98587e-05,
-3.94329e-05,-0.000126074,-0.00231261,-0.00739385,-0.000126074,-3.94329e-05,
-3.92343e-05,-0.000125575,-0.00230095,-0.00736453,-0.000125575,-3.92343e-05,
-3.8816e-05,-0.000124899,-0.00227642,-0.00732489,-0.000124899,-3.8816e-05,
-3.84127e-05,-0.000124271,-0.00225276,-0.00728798,-0.000124271,-3.84127e-05,
-3.815e-05,-0.000123732,-0.00223734,-0.00725637,-0.000123732,-3.815e-05,
-3.8029e-05,-0.000123134,-0.00223024,-0.0072213,-0.000123134,-3.8029e-05,
-3.74667e-05,-0.000122517,-0.00219725,-0.0071851,-0.000122517,-3.74667e-05,
-3.7129e-05,-0.000121919,-0.00217744,-0.00714999,-0.000121919,-3.7129e-05,
-3.6781e-05,-0.000121303,-0.00215703,-0.00711382,-0.000121303,-3.6781e-05,
-3.64851e-05,-0.000120786,-0.00213967,-0.00708349,-0.000120786,-3.64851e-05,
-3.63828e-05,-0.000120164,-0.00213367,-0.00704698,-0.000120164,-3.63828e-05,
-3.58025e-05,-0.000119572,-0.00209963,-0.00701223,-0.000119572,-3.58025e-05,
-3.54996e-05,-0.00011904,-0.00208185,-0.00698104,-0.00011904,-3.54996e-05,
-3.50875e-05,-0.000118314,-0.00205768,-0.00693844,-0.000118314,-3.50875e-05,
-3.49947e-05,-0.000117713,-0.00205223,-0.00690318,-0.000117713,-3.49947e-05,
-3.44149e-05,-0.000117099,-0.00201822,-0.00686711,-0.000117099,-3.44149e-05,
-3.41173e-05,-0.000116531,-0.00200076,-0.00683382,-0.000116531,-3.41173e-05,
-3.4051e-05,-0.000116006,-0.00199687,-0.006803,-0.000116006,-3.4051e-05,
-3.34175e-05,-0.00011533,-0.00195971,-0.00676332,-0.00011533,-3.34175e-05,
-3.32699e-05,-0.000114724,-0.00195105,-0.00672777,-0.000114724,-3.32699e-05,
-3.29405e-05,-0.000114063,-0.00193173,-0.00668896,-0.000114063,-3.29405e-05,
-3.23035e-05,-0.000113402,-0.00189436,-0.0066502,-0.000113402,-3.23035e-05,
-3.19906e-05,-0.000112868,-0.00187601,-0.00661883,-0.000112868,-3.19906e-05,
-3.16664e-05,-0.000112262,-0.00185699,-0.00658332,-0.000112262,-3.16664e-05,
-3.13239e-05,-0.000111668,-0.0018369,-0.00654842,-0.000111668,-3.13239e-05,
-3.09999e-05,-0.000111063,-0.00181789,-0.00651291,-0.000111063,-3.09999e-05,
-3.05511e-05,-0.000110343,-0.00179157,-0.00647069,-0.000110343,-3.05511e-05,
-3.04994e-05,-0.000109805,-0.00178853,-0.00643914,-0.000109805,-3.04994e-05,
-3.02013e-05,-0.00010918,-0.00177104,-0.00640248,-0.00010918,-3.02013e-05,
-2.9805e-05,-0.000108594,-0.0017478,-0.00636806,-0.000108594,-2.9805e-05,
-2.92315e-05,-0.000107979,-0.00171416,-0.00633198,-0.000107979,-2.92315e-05,
-2.88874e-05,-0.000107343,-0.00169398,-0.00629464,-0.000107343,-2.88874e-05,
-2.85565e-05,-0.000106666,-0.00167457,-0.00625494,-0.000106666,-2.85565e-05,
-2.81928e-05,-0.000106119,-0.00165323,-0.00622286,-0.000106119,-2.81928e-05,
-2.81017e-05,-0.000105518,-0.00164789,-0.00618761,-0.000105518,-2.81017e-05,
-2.75878e-05,-0.000105002,-0.00161775,-0.0061573,-0.000105002,-2.75878e-05,
-2.71578e-05,-0.000104313,-0.00159252,-0.00611689,-0.000104313,-2.71578e-05,
-2.68142e-05,-0.000103677,-0.00157237,-0.00607956,-0.000103677,-2.68142e-05,
-2.67288e-05,-0.000103053,-0.00156736,-0.00604296,-0.000103053,-2.67288e-05,
-2.60752e-05,-0.000102454,-0.00152903,-0.0060078,-0.000102454,-2.60752e-05,
-2.59899e-05,-0.000101802,-0.00152402,-0.00596958,-0.000101802,-2.59899e-05,
-2.54721e-05,-0.000101257,-0.00149365,-0.00593756,-0.000101257,-2.54721e-05,
-2.50546e-05,-0.000100581,-0.00146916,-0.00589792,-0.000100581,-2.50546e-05,
-2.46821e-05,-9.99769e-05,-0.00144732,-0.00586248,-9.99769e-05,-2.46821e-05,
-2.44591e-05,-9.94692e-05,-0.00143424,-0.00583269,-9.94692e-05,-2.44591e-05,
-2.40445e-05,-9.87939e-05,-0.00140992,-0.00579307,-9.87939e-05,-2.40445e-05,
-2.37195e-05,-9.81886e-05,-0.00139086,-0.00575756,-9.81886e-05,-2.37195e-05,
-2.33941e-05,-9.7613e-05,-0.00137177,-0.00572379,-9.7613e-05,-2.33941e-05,
-2.29725e-05,-9.6873e-05,-0.00134705,-0.00568038,-9.6873e-05,-2.29725e-05,
-2.26058e-05,-9.6283e-05,-0.00132554,-0.00564576,-9.6283e-05,-2.26058e-05,
-2.25697e-05,-9.57664e-05,-0.00132342,-0.00561545,-9.57664e-05,-2.25697e-05,
-2.20008e-05,-9.51519e-05,-0.00129006,-0.0055794,-9.51519e-05,-2.20008e-05,
-2.15544e-05,-9.44324e-05,-0.00126387,-0.00553719,-9.44324e-05,-2.15544e-05,
-2.12372e-05,-9.38407e-05,-0.00124527,-0.00550248,-9.38407e-05,-2.12372e-05,
-2.09387e-05,-9.32296e-05,-0.00122776,-0.00546663,-9.32296e-05,-2.09387e-05,
-2.05866e-05,-9.26445e-05,-0.00120712,-0.0054323,-9.26445e-05,-2.05866e-05,
-2.04348e-05,-9.20254e-05,-0.00119821,-0.00539598,-9.20254e-05,-2.04348e-05,
-1.99532e-05,-9.14897e-05,-0.00116997,-0.00536455,-9.14897e-05,-1.99532e-05,
-1.95397e-05,-9.08146e-05,-0.00114572,-0.00532495,-9.08146e-05,-1.95397e-05,
-1.94006e-05,-9.02005e-05,-0.00113756,-0.00528893,-9.02005e-05,-1.94006e-05,
-1.8832e-05,-8.96003e-05,-0.00110421,-0.00525371,-8.96003e-05,-1.8832e-05,
-1.87366e-05,-8.90173e-05,-0.00109862,-0.00521951,-8.90173e-05,-1.87366e-05,
-1.83757e-05,-8.83758e-05,-0.00107745,-0.00518188,-8.83758e-05,-1.83757e-05,
-1.78161e-05,-8.77088e-05,-0.00104464,-0.00514275,-8.77088e-05,-1.78161e-05,
-1.77266e-05,-8.71797e-05,-0.00103939,-0.00511171,-8.71797e-05,-1.77266e-05,
-1.71136e-05,-8.65101e-05,-0.00100344,-0.00507243,-8.65101e-05,-1.71136e-05,
-1.68335e-05,-8.59745e-05,-0.000987011,-0.00504101,-8.59745e-05,-1.68335e-05,
-1.63884e-05,-8.52551e-05,-0.00096091,-0.00499882,-8.52551e-05,-1.63884e-05,
-1.60431e-05,-8.46398e-05,-0.000940664,-0.00496272,-8.46398e-05,-1.60431e-05,
-1.59048e-05,-8.40258e-05,-0.000932552,-0.0049267,-8.40258e-05,-1.59048e-05,
-1.5387e-05,-8.34248e-05,-0.000902189,-0.00489145,-8.34248e-05,-1.5387e-05,
-1.52063e-05,-8.28114e-05,-0.00089159,-0.00485547,-8.28114e-05,-1.52063e-05,
-1.46692e-05,-8.222e-05,-0.000860095,-0.00482078,-8.222e-05,-1.46692e-05,
-1.43289e-05,-8.16042e-05,-0.000840141,-0.00478466,-8.16042e-05,-1.43289e-05,
-1.42403e-05,-8.10753e-05,-0.000834939,-0.00475363,-8.10753e-05,-1.42403e-05,
-1.36836e-05,-8.04588e-05,-0.000802299,-0.00471747,-8.04588e-05,-1.36836e-05,
-1.32504e-05,-7.97963e-05,-0.000776897,-0.00467861,-7.97963e-05,-1.32504e-05,
-1.29584e-05,-7.91999e-05,-0.000759772,-0.00464362,-7.91999e-05,-1.29584e-05,
-1.26802e-05,-7.86742e-05,-0.000743458,-0.00461279,-7.86742e-05,-1.26802e-05,
-1.24056e-05,-7.81383e-05,-0.000727359,-0.00458135,-7.81383e-05,-1.24056e-05,
-1.19699e-05,-7.74583e-05,-0.000701811,-0.00454147,-7.74583e-05,-1.19699e-05,
-1.16037e-05,-7.67829e-05,-0.000680335,-0.00450185,-7.67829e-05,-1.16037e-05,
-1.13264e-05,-7.62628e-05,-0.000664074,-0.00447134,-7.62628e-05,-1.13264e-05,
-1.08902e-05,-7.55274e-05,-0.0006385,-0.00442821,-7.55274e-05,-1.08902e-05,
-1.07825e-05,-7.49383e-05,-0.000632182,-0.00439365,-7.49383e-05,-1.07825e-05,
-1.01512e-05,-7.42436e-05,-0.000595168,-0.00435291,-7.42436e-05,-1.01512e-05,
-9.81735e-06,-7.36466e-05,-0.00057559,-0.00431789,-7.36466e-05,-9.81735e-06,
-9.49269e-06,-7.30573e-05,-0.000556553,-0.00428332,-7.30573e-05,-9.49269e-06,
-9.28447e-06,-7.23419e-05,-0.000544344,-0.00424137,-7.23419e-05,-9.28447e-06,
-8.78574e-06,-7.17511e-05,-0.000515101,-0.00420672,-7.17511e-05,-8.78574e-06,
-8.39176e-06,-7.10824e-05,-0.000492001,-0.0041675,-7.10824e-05,-8.39176e-06,
-8.003e-06,-7.04474e-05,-0.000469207,-0.00413025,-7.04474e-05,-8.003e-06,
-7.60686e-06,-6.97838e-05,-0.00044598,-0.00409133,-6.97838e-05,-7.60686e-06,
-7.37517e-06,-6.92578e-05,-0.000432395,-0.00406048,-6.92578e-05,-7.37517e-06,
-6.9068e-06,-6.85296e-05,-0.000404933,-0.00401777,-6.85296e-05,-6.9068e-06,
-6.62538e-06,-6.79908e-05,-0.000388433,-0.00398617,-6.79908e-05,-6.62538e-06,
-6.28893e-06,-6.73966e-05,-0.000368707,-0.00395132,-6.73966e-05,-6.28893e-06,
-6.14613e-06,-6.67141e-05,-0.000360333,-0.00391129,-6.67141e-05,-6.14613e-06,
-5.54057e-06,-6.61145e-05,-0.00032483,-0.00387612,-6.61145e-05,-5.54057e-06,
-5.45652e-06,-6.55288e-05,-0.000319901,-0.00384178,-6.55288e-05,-5.45652e-06,
-4.88664e-06,-6.49156e-05,-0.000286489,-0.00380581,-6.49156e-05,-4.88664e-06,
-4.5412e-06,-6.42798e-05,-0.000266236,-0.00376853,-6.42798e-05,-4.5412e-06,
-4.1488e-06,-6.36519e-05,-0.000243231,-0.0037317,-6.36519e-05,-4.1488e-06,
-3.91534e-06,-6.31257e-05,-0.000229543,-0.00370084,-6.31257e-05,-3.91534e-06,
-3.52332e-06,-6.23896e-05,-0.000206559,-0.00365767,-6.23896e-05,-3.52332e-06,
-3.14041e-06,-6.17828e-05,-0.00018411,-0.00362209,-6.17828e-05,-3.14041e-06,
-2.76537e-06,-6.11898e-05,-0.000162122,-0.00358731,-6.11898e-05,-2.76537e-06,
-2.4452e-06,-6.05848e-05,-0.000143352,-0.00355183,-6.05848e-05,-2.4452e-06,
-2.14198e-06,-6.0051e-05,-0.000125575,-0.00352052,-6.0051e-05,-2.14198e-06,
-2.00489e-06,-5.93819e-05,-0.000117538,-0.00348128,-5.93819e-05,-2.00489e-06,
-1.39034e-06,-5.87685e-05,-8.15086e-05,-0.00344531,-5.87685e-05,-1.39034e-06,
-1.36195e-06,-5.82525e-05,-7.98443e-05,-0.00341505,-5.82525e-05,-1.36195e-06,
-9.73371e-07,-5.75607e-05,-5.70636e-05,-0.00337448,-5.75607e-05,-9.73371e-07,
-3.69039e-07,-5.69612e-05,-2.16347e-05,-0.00333932,-5.69612e-05,-3.69039e-07,
-2.90902e-07,-5.63753e-05,-1.70539e-05,-0.00330496,-5.63753e-05,-2.90902e-07,
2.77723e-07,-5.57621e-05,1.62813e-05,-0.00326901,-5.57621e-05,2.77723e-07,
6.76949e-07,-5.51086e-05,3.96854e-05,-0.00323069,-5.51086e-05,6.76949e-07,
9.68493e-07,-5.45621e-05,5.67767e-05,-0.00319864,-5.45621e-05,9.68493e-07,
1.3676e-06,-5.38949e-05,8.01737e-05,-0.00315951,-5.38949e-05,1.3676e-06,
1.69946e-06,-5.33011e-05,9.96279e-05,-0.00312469,-5.33011e-05,1.69946e-06,
1.99079e-06,-5.27409e-05,0.000116706,-0.00309184,-5.27409e-05,1.99079e-06,
2.38959e-06,-5.20874e-05,0.000140085,-0.00305352,-5.20874e-05,2.38959e-06,
2.67812e-06,-5.15412e-05,0.000156999,-0.00302149,-5.15412e-05,2.67812e-06,
2.76432e-06,-5.09271e-05,0.000162052,-0.00298548,-5.09271e-05,2.76432e-06,
3.36777e-06,-5.03276e-05,0.000197427,-0.00295033,-5.03276e-05,3.36777e-06,
3.40502e-06,-4.97979e-05,0.00019961,-0.00291926,-4.97979e-05,3.40502e-06,
4.05712e-06,-4.9114e-05,0.000237837,-0.00287916,-4.9114e-05,4.05712e-06,
4.35585e-06,-4.85282e-05,0.000255348,-0.00284481,-4.85282e-05,4.35585e-06,
4.70614e-06,-4.78994e-05,0.000275882,-0.00280794,-4.78994e-05,4.70614e-06,
5.02282e-06,-4.73748e-05,0.000294445,-0.00277718,-4.73748e-05,5.02282e-06,
5.10141e-06,-4.67956e-05,0.000299051,-0.00274322,-4.67956e-05,5.10141e-06,
5.75162e-06,-4.59943e-05,0.000337166,-0.00269624,-4.59943e-05,5.75162e-06,
5.86819e-06,-4.54802e-05,0.000343998,-0.00266609,-4.54802e-05,5.86819e-06,
6.18904e-06,-4.48911e-05,0.000362805,-0.00263155,-4.48911e-05,6.18904e-06,
6.74549e-06,-4.42754e-05,0.000395424,-0.00259545,-4.42754e-05,6.74549e-06,
7.19936e-06,-4.35507e-05,0.000422028,-0.00255295,-4.35507e-05,7.19936e-06,
7.48395e-06,-4.29388e-05,0.00043871,-0.00251707,-4.29388e-05,7.48395e-06,
7.86577e-06,-4.23579e-05,0.00046109,-0.00248301,-4.23579e-05,7.86577e-06,
8.13576e-06,-4.17871e-05,0.000476915,-0.00244954,-4.17871e-05,8.13576e-06,
8.27333e-06,-4.1182e-05,0.000484978,-0.00241406,-4.1182e-05,8.27333e-06,
8.724e-06,-4.04576e-05,0.000511394,-0.00237159,-4.04576e-05,8.724e-06,
9.26431e-06,-3.98372e-05,0.000543065,-0.00233522,-3.98372e-05,9.26431e-06,
9.41526e-06,-3.92446e-05,0.000551912,-0.00230047,-3.92446e-05,9.41526e-06,
9.98787e-06,-3.85225e-05,0.000585476,-0.00225814,-3.85225e-05,9.98787e-06,
1.02811e-05,-3.80582e-05,0.000602661,-0.00223091,-3.80582e-05,1.02811e-05,
1.06565e-05,-3.73924e-05,0.000624668,-0.00219188,-3.73924e-05,1.06565e-05,
1.09764e-05,-3.68033e-05,0.000643414,-0.00215734,-3.68033e-05,1.09764e-05,
1.13961e-05,-3.60727e-05,0.000668017,-0.0021145,-3.60727e-05,1.13961e-05,
1.17477e-05,-3.54745e-05,0.000688625,-0.00207943,-3.54745e-05,1.17477e-05,
1.20506e-05,-3.49407e-05,0.000706377,-0.00204813,-3.49407e-05,1.20506e-05,
1.24089e-05,-3.4265e-05,0.000727377,-0.00200852,-3.4265e-05,1.24089e-05,
1.27973e-05,-3.3617e-05,0.000750139,-0.00197053,-3.3617e-05,1.27973e-05,
1.29126e-05,-3.30399e-05,0.000756898,-0.00193669,-3.30399e-05,1.29126e-05,
1.32291e-05,-3.24292e-05,0.000775444,-0.00190089,-3.24292e-05,1.32291e-05,
1.37899e-05,-3.18159e-05,0.000808314,-0.00186494,-3.18159e-05,1.37899e-05,
1.41858e-05,-3.11626e-05,0.000831517,-0.00182663,-3.11626e-05,1.41858e-05,
1.43003e-05,-3.05553e-05,0.000838226,-0.00179103,-3.05553e-05,1.43003e-05,
1.47977e-05,-3.00277e-05,0.000867382,-0.0017601,-3.00277e-05,1.47977e-05,
1.49693e-05,-2.9375e-05,0.000877438,-0.00172184,-2.9375e-05,1.49693e-05,
1.52847e-05,-2.87699e-05,0.000895919,-0.00168636,-2.87699e-05,1.52847e-05,
1.56939e-05,-2.80959e-05,0.000919902,-0.00164685,-2.80959e-05,1.56939e-05,
1.59733e-05,-2.74913e-05,0.000936275,-0.00161141,-2.74913e-05,1.59733e-05,
1.66167e-05,-2.68928e-05,0.000973985,-0.00157632,-2.68928e-05,1.66167e-05,
1.6919e-05,-2.62863e-05,0.000991703,-0.00154076,-2.62863e-05,1.6919e-05,
1.69592e-05,-2.57882e-05,0.000994057,-0.00151156,-2.57882e-05,1.69592e-05,
1.76674e-05,-2.50358e-05,0.00103556,-0.00146746,-2.50358e-05,1.76674e-05,
1.79459e-05,-2.4497e-05,0.00105188,-0.00143587,-2.4497e-05,1.79459e-05,
1.83296e-05,-2.37616e-05,0.00107437,-0.00139276,-2.37616e-05,1.83296e-05,
1.86427e-05,-2.32373e-05,0.00109272,-0.00136203,-2.32373e-05,1.86427e-05,
1.89909e-05,-2.26398e-05,0.00111312,-0.001327,-2.26398e-05,1.89909e-05,
1.90558e-05,-2.20586e-05,0.00111693,-0.00129293,-2.20586e-05,1.90558e-05,
1.97279e-05,-2.13736e-05,0.00115631,-0.00125278,-2.13736e-05,1.97279e-05,
2.00398e-05,-2.0783e-05,0.00117459,-0.00121815,-2.0783e-05,2.00398e-05,
2.0468e-05,-2.00642e-05,0.00119968,-0.00117602,-2.00642e-05,2.0468e-05,
2.08066e-05,-1.94547e-05,0.00121953,-0.00114029,-1.94547e-05,2.08066e-05,
2.09259e-05,-1.882e-05,0.00122652,-0.00110308,-1.882e-05,2.09259e-05,
2.12408e-05,-1.82456e-05,0.00124497,-0.00106941,-1.82456e-05,2.12408e-05,
2.18462e-05,-1.76171e-05,0.00128045,-0.00103257,-1.76171e-05,2.18462e-05,
2.21549e-05,-1.70268e-05,0.00129854,-0.00099797,-1.70268e-05,2.21549e-05,
2.25257e-05,-1.63539e-05,0.00132026,-0.000958525,-1.63539e-05,2.25257e-05,
2.29068e-05,-1.57194e-05,0.0013426,-0.000921334,-1.57194e-05,2.29068e-05,
2.32621e-05,-1.5079e-05,0.00136342,-0.000883799,-1.5079e-05,2.32621e-05,
2.36202e-05,-1.44598e-05,0.0013844,-0.000847503,-1.44598e-05,2.36202e-05,
2.36697e-05,-1.39253e-05,0.0013873,-0.00081617,-1.39253e-05,2.36697e-05,
2.43214e-05,-1.3207e-05,0.00142549,-0.000774069,-1.3207e-05,2.43214e-05,
2.46916e-05,-1.25341e-05,0.00144718,-0.000734629,-1.25341e-05,2.46916e-05,
2.49758e-05,-1.20183e-05,0.00146383,-0.000704392,-1.20183e-05,2.49758e-05,
2.5355e-05,-1.13378e-05,0.00148606,-0.00066451,-1.13378e-05,2.5355e-05,
2.53797e-05,-1.08435e-05,0.0014875,-0.000635534,-1.08435e-05,2.53797e-05,
2.60262e-05,-1.01601e-05,0.00152538,-0.000595476,-1.01601e-05,2.60262e-05,
2.6142e-05,-9.5659e-06,0.00153217,-0.000560651,-9.5659e-06,2.6142e-05,
2.67606e-05,-8.8909e-06,0.00156842,-0.000521088,-8.8909e-06,2.67606e-05,
2.7094e-05,-8.29151e-06,0.00158795,-0.000485956,-8.29151e-06,2.7094e-05,
2.73867e-05,-7.71166e-06,0.0016051,-0.000451971,-7.71166e-06,2.73867e-05,
2.77076e-05,-7.11783e-06,0.0016239,-0.000417165,-7.11783e-06,2.77076e-05,
2.79074e-05,-6.44688e-06,0.00163561,-0.000377841,-6.44688e-06,2.79074e-05,
2.82768e-05,-5.76863e-06,0.00165725,-0.000338089,-5.76863e-06,2.82768e-05,
2.88592e-05,-5.12422e-06,0.00169138,-0.00030032,-5.12422e-06,2.88592e-05,
2.89652e-05,-4.58768e-06,0.00169758,-0.000268873,-4.58768e-06,2.89652e-05,
2.95554e-05,-3.9062e-06,0.00173217,-0.000228932,-3.9062e-06,2.95554e-05,
2.98874e-05,-3.3274e-06,0.00175162,-0.00019501,-3.3274e-06,2.98874e-05,
3.02823e-05,-2.6752e-06,0.00177476,-0.000156786,-2.6752e-06,3.02823e-05,
3.0586e-05,-2.06938e-06,0.00179255,-0.00012128,-2.06938e-06,3.0586e-05,
3.06641e-05,-1.54124e-06,0.00179712,-9.03268e-05,-1.54124e-06,3.06641e-05,
3.12707e-05,-8.69561e-07,0.00183267,-5.0962e-05,-8.69561e-07,3.12707e-05,
3.16148e-05,-2.57303e-07,0.00185283,-1.50796e-05,-2.57303e-07,3.16148e-05,
3.19691e-05,3.32618e-07,0.00187358,1.94934e-05,3.32618e-07,3.19691e-05,
3.23175e-05,9.37972e-07,0.001894,5.49708e-05,9.37972e-07,3.23175e-05,
3.2383e-05,1.54805e-06,0.00189783,9.07249e-05,1.54805e-06,3.2383e-05,
3.27741e-05,2.1885e-06,0.00192075,0.000128258,2.1885e-06,3.27741e-05,
3.3335e-05,2.80114e-06,0.00195361,0.000164162,2.80114e-06,3.3335e-05,
3.36406e-05,3.40729e-06,0.00197152,0.000199685,3.40729e-06,3.36406e-05,
3.40464e-05,4.06597e-06,0.00199529,0.000238286,4.06597e-06,3.40464e-05,
3.43717e-05,4.67621e-06,0.00201434,0.000274048,4.67621e-06,3.43717e-05,
3.46594e-05,5.14012e-06,0.0020312,0.000301235,5.14012e-06,3.46594e-05,
3.50484e-05,5.81096e-06,0.00205399,0.000340548,5.81096e-06,3.50484e-05,
3.53829e-05,6.52589e-06,0.00207359,0.000382445,6.52589e-06,3.53829e-05,
3.55232e-05,7.09832e-06,0.0020818,0.00041599,7.09832e-06,3.55232e-05,
3.614e-05,7.76792e-06,0.00211794,0.00045523,7.76792e-06,3.614e-05,
3.61424e-05,8.22267e-06,0.00211807,0.000481878,8.22267e-06,3.61424e-05,
3.68108e-05,8.96641e-06,0.00215724,0.000525462,8.96641e-06,3.68108e-05,
3.71535e-05,9.57861e-06,0.00217731,0.000561337,9.57861e-06,3.71535e-05,
3.72072e-05,1.00902e-05,0.00218045,0.000591317,1.00902e-05,3.72072e-05,
3.77636e-05,1.07188e-05,0.00221305,0.000628155,1.07188e-05,3.77636e-05,
3.79793e-05,1.13703e-05,0.00222569,0.000666328,1.13703e-05,3.79793e-05,
3.82363e-05,1.1907e-05,0.00224074,0.000697781,1.1907e-05,3.82363e-05,
3.87789e-05,1.2515e-05,0.00227253,0.000733405,1.2515e-05,3.87789e-05,
3.91532e-05,1.31285e-05,0.00229446,0.000769359,1.31285e-05,3.91532e-05,
3.94574e-05,1.37345e-05,0.00231227,0.000804865,1.37345e-05,3.94574e-05,
3.98695e-05,1.43907e-05,0.00233642,0.000843316,1.43907e-05,3.98695e-05,
4.02439e-05,1.50526e-05,0.00235835,0.000882104,1.50526e-05,4.02439e-05,
4.05625e-05,1.55906e-05,0.00237701,0.000913627,1.55906e-05,4.05625e-05,
4.09304e-05,1.62559e-05,0.00239857,0.000952615,1.62559e-05,4.09304e-05,
4.12312e-05,1.67889e-05,0.00241618,0.000983845,1.67889e-05,4.12312e-05,
4.16002e-05,1.74458e-05,0.0024378,0.00102233,1.74458e-05,4.16002e-05,
4.19514e-05,1.81049e-05,0.00245837,0.00106095,1.81049e-05,4.19514e-05,
4.22956e-05,1.87025e-05,0.00247853,0.00109597,1.87025e-05,4.22956e-05,
4.26416e-05,1.93076e-05,0.0024988,0.00113143,1.93076e-05,4.26416e-05,
4.29928e-05,1.9983e-05,0.00251937,0.001171,1.9983e-05,4.29928e-05,
4.32927e-05,2.05295e-05,0.00253694,0.00120302,2.05295e-05,4.32927e-05,
4.34551e-05,2.11121e-05,0.00254645,0.00123716,2.11121e-05,4.34551e-05,
4.38081e-05,2.17308e-05,0.00256713,0.00127341,2.17308e-05,4.38081e-05,
4.43048e-05,2.2262e-05,0.00259622,0.00130453,2.2262e-05,4.43048e-05,
4.44548e-05,2.2927e-05,0.002605,0.0013435,2.2927e-05,4.44548e-05,
4.5058e-05,2.35389e-05,0.00264034,0.00137935,2.35389e-05,4.5058e-05,
4.50757e-05,2.40543e-05,0.00264137,0.00140955,2.40543e-05,4.50757e-05,
4.57017e-05,2.47773e-05,0.00267804,0.00145191,2.47773e-05,4.57017e-05,
4.61365e-05,2.54437e-05,0.00270351,0.00149095,2.54437e-05,4.61365e-05,
4.64319e-05,2.60497e-05,0.00272081,0.00152646,2.60497e-05,4.64319e-05,
4.67353e-05,2.65839e-05,0.00273858,0.00155776,2.65839e-05,4.67353e-05,
4.69996e-05,2.71085e-05,0.00275406,0.00158849,2.71085e-05,4.69996e-05,
4.74083e-05,2.77956e-05,0.002778,0.00162875,2.77956e-05,4.74083e-05,
4.75226e-05,2.83792e-05,0.00278469,0.00166294,2.83792e-05,4.75226e-05,
4.80172e-05,2.89253e-05,0.00281366,0.00169494,2.89253e-05,4.80172e-05,
4.84757e-05,2.96819e-05,0.00284052,0.00173926,2.96819e-05,4.84757e-05,
4.87518e-05,3.01971e-05,0.00285669,0.00176945,3.01971e-05,4.87518e-05,
4.88841e-05,3.0801e-05,0.00286443,0.00180483,3.0801e-05,4.88841e-05,
4.95183e-05,3.14768e-05,0.00290159,0.00184442,3.14768e-05,4.95183e-05,
4.98626e-05,3.20818e-05,0.00292175,0.00187987,3.20818e-05,4.98626e-05,
5.01336e-05,3.262e-05,0.00293762,0.00191139,3.262e-05,5.01336e-05,
5.05082e-05,3.32337e-05,0.00295956,0.00194735,3.32337e-05,5.05082e-05,
5.08024e-05,3.38397e-05,0.00297679,0.00198285,3.38397e-05,5.08024e-05,
5.10926e-05,3.43682e-05,0.00299378,0.00201382,3.43682e-05,5.10926e-05,
5.15188e-05,3.50508e-05,0.00301875,0.0020538,3.50508e-05,5.15188e-05,
5.18534e-05,3.56483e-05,0.00303834,0.00208881,3.56483e-05,5.18534e-05,
5.21304e-05,3.61936e-05,0.00305456,0.00212075,3.61936e-05,5.21304e-05,
5.22435e-05,3.67772e-05,0.00306118,0.00215494,3.67772e-05,5.22435e-05,
5.25944e-05,3.73957e-05,0.00308173,0.00219118,3.73957e-05,5.25944e-05,
5.31643e-05,3.80711e-05,0.00311512,0.00223074,3.80711e-05,5.31643e-05,
5.34971e-05,3.86033e-05,0.00313461,0.00226192,3.86033e-05,5.34971e-05,
5.36139e-05,3.92165e-05,0.00314144,0.00229784,3.92165e-05,5.36139e-05,
5.39604e-05,3.98053e-05,0.00316173,0.00233233,3.98053e-05,5.39604e-05,
5.43155e-05,4.04233e-05,0.00318253,0.00236854,4.04233e-05,5.43155e-05,
5.459e-05,4.10021e-05,0.0031986,0.00240244,4.10021e-05,5.459e-05,
5.52187e-05,4.16812e-05,0.00323543,0.00244222,4.16812e-05,5.52187e-05,
5.55337e-05,4.22188e-05,0.00325387,0.00247372,4.22188e-05,5.55337e-05,
5.58982e-05,4.28839e-05,0.00327522,0.00251268,4.28839e-05,5.58982e-05,
5.62619e-05,4.349e-05,0.00329652,0.00254818,4.349e-05,5.62619e-05,
5.66045e-05,4.40949e-05,0.00331658,0.00258362,4.40949e-05,5.66045e-05,
5.69278e-05,4.47095e-05,0.00333551,0.00261962,4.47095e-05,5.69278e-05,
5.72119e-05,4.52384e-05,0.00335215,0.0026506,4.52384e-05,5.72119e-05,
5.75822e-05,4.58518e-05,0.00337383,0.00268653,4.58518e-05,5.75822e-05,
5.76979e-05,4.64649e-05,0.0033806,0.00272244,4.64649e-05,5.76979e-05,
5.81963e-05,4.6995e-05,0.00340979,0.00275349,4.6995e-05,5.81963e-05,
5.85071e-05,4.75879e-05,0.00342799,0.00278823,4.75879e-05,5.85071e-05,
5.89328e-05,4.83357e-05,0.00345292,0.00283203,4.83357e-05,5.89328e-05,
5.92642e-05,4.88678e-05,0.00347233,0.00286319,4.88678e-05,5.92642e-05,
5.95996e-05,4.94654e-05,0.00349197,0.0028982,4.94654e-05,5.95996e-05,
5.99719e-05,5.0079e-05,0.00351377,0.00293414,5.0079e-05,5.99719e-05,
6.02884e-05,5.07453e-05,0.0035323,0.00297317,5.07453e-05,6.02884e-05,
6.0575e-05,5.12221e-05,0.00354908,0.00300109,5.12221e-05,6.0575e-05,
6.0686e-05,5.18054e-05,0.00355558,0.00303526,5.18054e-05,6.0686e-05,
6.13006e-05,5.24793e-05,0.00359157,0.00307474,5.24793e-05,6.13006e-05,
6.16433e-05,5.30757e-05,0.00361164,0.00310967,5.30757e-05,6.16433e-05,
6.17421e-05,5.36707e-05,0.00361741,0.00314452,5.36707e-05,6.17421e-05,
6.23531e-05,5.43366e-05,0.0036532,0.00318352,5.43366e-05,6.23531e-05,
6.24471e-05,5.4932e-05,0.0036587,0.0032184,5.4932e-05,6.24471e-05,
6.28506e-05,5.56095e-05,0.00368232,0.00325808,5.56095e-05,6.28506e-05,
6.33479e-05,5.61532e-05,0.00371145,0.00328992,5.61532e-05,6.33479e-05,
6.35033e-05,5.68019e-05,0.00372054,0.00332792,5.68019e-05,6.35033e-05,
6.4102e-05,5.74135e-05,0.0037556,0.00336374,5.74135e-05,6.4102e-05,
6.44175e-05,5.80797e-05,0.00377407,0.00340276,5.80797e-05,6.44175e-05,
6.44513e-05,5.85338e-05,0.00377604,0.00342935,5.85338e-05,6.44513e-05,
6.48135e-05,5.91398e-05,0.00379725,0.00346484,5.91398e-05,6.48135e-05,
6.54685e-05,5.98786e-05,0.00383561,0.00350812,5.98786e-05,6.54685e-05,
6.57994e-05,6.04689e-05,0.00385499,0.00354269,6.04689e-05,6.57994e-05,
6.58795e-05,6.10208e-05,0.00385966,0.00357501,6.10208e-05,6.58795e-05,
6.6494e-05,6.17169e-05,0.00389565,0.00361578,6.17169e-05,6.6494e-05,
6.67533e-05,6.22257e-05,0.00391083,0.00364558,6.22257e-05,6.67533e-05,
6.70267e-05,6.2356e-05,0.00392684,0.0036532,6.2356e-05,6.70267e-05,
6.70695e-05,6.25034e-05,0.00392935,0.00366183,6.25034e-05,6.70695e-05,
0.00447156,0.00323401,0.247467,0.178978,0.00323405,0.0044716,
0.00663189,0.00591559,0.189725,0.169233,0.00591575,0.00663206,
0.00207488,0.00298224,0.0259541,0.0373041,0.00298226,0.00207489,
-0.00118585,0.00034438,-0.00754236,0.00219036,0.00034438,-0.00118585,
-0.00339092,-0.0017318,-0.0127446,-0.00650889,-0.00173181,-0.00339093,
-0.00479087,-0.00344754,-0.0119088,-0.00856965,-0.00344758,-0.00479092,
-0.00568578,-0.00462713,-0.0100687,-0.00819396,-0.00462723,-0.00568587,
-0.00611989,-0.00546783,-0.00820889,-0.00733426,-0.00546796,-0.00612002,
-0.00620083,-0.00596464,-0.00657225,-0.0063219,-0.00596479,-0.00620098,
-0.00607049,-0.0062893,-0.0052695,-0.00545944,-0.00628946,-0.00607065,
-0.00581374,-0.00641898,-0.00426105,-0.00470465,-0.00641914,-0.00581389,
-0.00537719,-0.00653263,-0.00339941,-0.00412987,-0.00653277,-0.00537733,
-0.00487987,-0.00646247,-0.00271415,-0.00359438,-0.00646259,-0.00487999,
-0.00430947,-0.00642391,-0.00213798,-0.00318698,-0.00642402,-0.00430957,
-0.00376196,-0.00629426,-0.00168555,-0.00282016,-0.00629435,-0.00376204,
-0.00311436,-0.00609184,-0.00127437,-0.00249274,-0.0060919,-0.00311442,
-0.00257401,-0.00585538,-0.000969343,-0.00220507,-0.00585543,-0.00257406,
-0.00194135,-0.00554314,-0.000678244,-0.00193659,-0.00554318,-0.00194138,
-0.00149139,-0.00521113,-0.000486012,-0.00169819,-0.00521116,-0.00149141,
-0.00104781,-0.00477316,-0.000320196,-0.0014586,-0.00477318,-0.00104783,
-0.000734952,-0.00427231,-0.00021169,-0.00123056,-0.00427233,-0.000734959,
-0.0004865,-0.00394268,-0.000132523,-0.00107399,-0.00394269,-0.000486503,
-0.000237116,-0.00348623,-6.12974e-05,-0.000901233,-0.00348623,-0.000237117,
-5.6462e-05,-0.00324427,-1.39008e-05,-0.000798732,-0.00324427,-5.64623e-05,
-5.48715e-05,-0.00304434,-1.2894e-05,-0.000715375,-0.00304434,-5.48718e-05,
3.67929e-05,-0.00279309,8.27537e-06,-0.000628216,-0.00279309,3.6793e-05,
7.05207e-05,-0.00239267,1.52076e-05,-0.000515974,-0.00239268,7.05209e-05,
3.74021e-05,-0.00198827,7.7482e-06,-0.000411888,-0.00198827,3.74022e-05,
-6.9592e-05,-0.00157555,-1.38785e-05,-0.000314208,-0.00157555,-6.95921e-05,
-0.000138725,-0.00110976,-2.66651e-05,-0.000213311,-0.00110976,-0.000138726,
-0.000155912,-0.000633153,-2.89367e-05,-0.000117511,-0.000633153,-0.000155912,
-0.000128306,-0.000235146,-2.30158e-05,-4.21808e-05,-0.000235146,-0.000128306,
-3.9113e-05,0.000153102,-6.7896e-06,2.65769e-05,0.000153102,-3.9113e-05,
0.000127921,0.000336035,2.15198e-05,5.65304e-05,0.000336035,0.000127921,
0.000221237,0.000366965,3.60954e-05,5.98711e-05,0.000366965,0.000221237,
0.000295116,0.000345343,4.67556e-05,5.47132e-05,0.000345343,0.000295116,
0.00040011,0.000271951,6.15942e-05,4.1865e-05,0.000271951,0.00040011,
0.000538276,0.000128963,8.05856e-05,1.93071e-05,0.000128963,0.000538276,
0.000636454,2.16523e-05,9.27636e-05,3.15583e-06,2.16523e-05,0.000636454,
0.000759714,-0.000181078,0.000107853,-2.57068e-05,-0.000181078,0.000759714,
0.000896746,-0.00044189,0.000124089,-6.11475e-05,-0.00044189,0.000896746,
0.00106047,-0.000776587,0.000143168,-0.000104842,-0.000776587,0.00106047,
0.00122054,-0.00104569,0.000160823,-0.000137784,-0.00104569,0.00122054,
0.00131601,-0.00126133,0.000169383,-0.000162345,-0.00126133,0.00131601,
0.00142708,-0.00157416,0.000179483,-0.000197981,-0.00157417,0.00142708,
0.00159353,-0.00184499,0.000195945,-0.000226866,-0.00184499,0.00159353,
0.00172293,-0.00213884,0.000207282,-0.000257319,-0.00213884,0.00172293,
0.00187339,-0.00243157,0.000220578,-0.0002863,-0.00243157,0.00187339,
0.00201967,-0.00268499,0.00023289,-0.000309609,-0.002685,0.00201968,
0.00218049,-0.00302427,0.000246301,-0.000341611,-0.00302428,0.00218051,
0.00232316,-0.00330347,0.00025717,-0.000365687,-0.00330348,0.00232318,
0.00244597,-0.00349376,0.000265512,-0.000379251,-0.00349378,0.00244599,
0.00262071,-0.00357158,0.000279019,-0.000380255,-0.0035716,0.00262073,
0.00269047,-0.00358615,0.000281105,-0.000374686,-0.00358617,0.00269049,
0.00281187,-0.00348311,0.000288361,-0.000357198,-0.00348313,0.00281189,
0.0028344,-0.00340594,0.000285403,-0.000342952,-0.00340596,0.00283442,
0.00297981,-0.00333258,0.000294756,-0.000329651,-0.0033326,0.00297983,
0.00314686,-0.0033702,0.000305839,-0.000327544,-0.00337022,0.00314689,
0.00321965,-0.00341342,0.000307591,-0.000326103,-0.00341344,0.00321967,
0.00324633,-0.00352801,0.000304905,-0.000331361,-0.00352804,0.00324635,
0.00339263,-0.00360772,0.000313358,-0.000333224,-0.00360775,0.00339266,
0.00336124,-0.00364464,0.000305441,-0.000331194,-0.00364467,0.00336127,
0.00326675,-0.00354173,0.000292089,-0.000316676,-0.00354176,0.00326678,
0.00316352,-0.00331813,0.00027839,-0.000291996,-0.00331816,0.00316354,
0.00312112,-0.00307644,0.00027043,-0.000266559,-0.00307646,0.00312114,
0.00309872,-0.00283718,0.00026438,-0.000242065,-0.00283719,0.00309874,
0.00310724,-0.00272057,0.000261156,-0.000228657,-0.00272058,0.00310726,
0.00304475,-0.00260674,0.000252148,-0.000215875,-0.00260675,0.00304476,
0.00292706,-0.00246842,0.000238975,-0.00020153,-0.00246843,0.00292708,
0.00284741,-0.0023239,0.000229382,-0.000187209,-0.00232391,0.00284742,
0.00284702,-0.00208935,0.000226477,-0.000166205,-0.00208936,0.00284703,
0.0625794,-0.00175609,0.00492157,-0.000138108,-0.00175954,0.0626205,
0.194987,-0.00144763,0.0151753,-0.000112665,-0.00147597,0.196245,
0.295508,-0.00118561,0.0227903,-9.14369e-05,-0.00124103,0.299988,
0.357946,-0.00105545,0.027404,-8.08046e-05,-0.00113035,0.366067,
0.396633,-0.000883588,0.0301957,-6.72677e-05,-0.000962538,0.407846,
0.417165,-0.000790876,0.0316357,-5.99761e-05,-0.000870213,0.430324,
0.421837,-0.000851345,0.0319139,-6.44082e-05,-0.000938978,0.435471,
0.412521,-0.000933812,0.0311768,-7.05741e-05,-0.0010251,0.42522,
0.391027,-0.00110278,0.0295545,-8.33496e-05,-0.00119818,0.401747,
0.358307,-0.00139216,0.0271065,-0.000105319,-0.00149116,0.366454,
0.315635,-0.00181136,0.0239148,-0.000137242,-0.00190895,0.321126,
0.264821,-0.00230524,0.0201017,-0.000174983,-0.0023906,0.26802,
0.206052,-0.00294256,0.015671,-0.000223792,-0.00300709,0.20754,
0.142689,-0.00367899,0.0108719,-0.000280314,-0.00371704,0.143178,
0.0757987,-0.00459097,0.00578508,-0.00035039,-0.00460423,0.0758723,
0.00820161,-0.00548494,0.000626879,-0.000419234,-0.00548515,0.00820182,
-0.0579647,-0.00631149,-0.00443586,-0.000482998,-0.00632216,-0.0579984,
-0.12296,-0.00703274,-0.00941914,-0.000538732,-0.00708658,-0.123275,
-0.184796,-0.00767525,-0.014167,-0.000588408,-0.00780984,-0.18587,
-0.244099,-0.0083945,-0.0187246,-0.000643933,-0.00865646,-0.246599,
-0.299981,-0.00895669,-0.0230213,-0.00068736,-0.00938924,-0.304685,
-0.351553,-0.00932003,-0.0269874,-0.000715464,-0.00995567,-0.359246,
-0.399779,-0.00961617,-0.0306961,-0.000738355,-0.0104912,-0.411295,
-0.443644,-0.00984842,-0.034069,-0.000756294,-0.0109893,-0.459685,
-0.484146,-0.0100581,-0.0371829,-0.000772473,-0.0114954,-0.505415,
-0.520978,-0.0102527,-0.0400146,-0.000787475,-0.0120118,-0.548029,
-0.554036,-0.0103059,-0.0425565,-0.000791612,-0.0123798,-0.58724,
-0.584292,-0.0102844,-0.0448837,-0.000790022,-0.012673,-0.624045,
-0.611435,-0.0102441,-0.0469729,-0.000786991,-0.0129463,-0.657913,
-0.636165,-0.0101033,-0.0488781,-0.00077626,-0.0130951,-0.68956,
-0.658666,-0.00996869,-0.0506138,-0.000766023,-0.013249,-0.719088,
-0.678816,-0.00989541,-0.0521704,-0.000760512,-0.0134762,-0.746194,
-0.697576,0.00881106,-0.0536219,0.000677295,0.0122975,-0.772047,
-0.728502,0.0934042,-0.0560025,0.0071803,0.136774,-0.820814,
-0.754045,0.15253,-0.0579615,0.0117246,0.234364,-0.867899,
-0.773632,0.184708,-0.0594646,0.0141974,0.2958,-0.906218,
-0.788843,0.197204,-0.0606378,0.0151589,0.326646,-0.935076,
-0.809631,0.20124,-0.0622454,0.0154716,0.349964,-0.972933,
-0.837753,0.197621,-0.0644203,0.0151964,0.370316,-1.02479,
-0.863687,0.180391,-0.0664303,0.0138748,0.366016,-1.07186,
-0.919934,0.103982,-0.070791,0.00800164,0.268423,-1.1809,
-0.951597,0.00607436,-0.0732277,0.000467436,0.0197651,-1.25845,
-0.965802,-0.0684615,-0.0742751,-0.00526504,-0.267212,-1.31743,
-0.970961,-0.118109,-0.0746106,-0.00907573,-0.516331,-1.35972,
-0.97208,-0.148752,-0.0746395,-0.0114216,-0.686629,-1.38623,
-0.969706,-0.179223,-0.0744111,-0.0137528,-0.823741,-1.40127,
-0.95753,-0.245912,-0.0734291,-0.018858,-1.02147,-1.41485,
-0.946246,-0.296666,-0.0725214,-0.0227368,-1.161,-1.43544,
-0.939177,-0.32388,-0.0719617,-0.0248164,-1.23173,-1.44976,
-0.935614,-0.335456,-0.0716971,-0.0257063,-1.25399,-1.45378,
-0.934513,-0.336668,-0.0716454,-0.025811,-1.24031,-1.44782,
-0.936126,-0.32137,-0.0718348,-0.0246607,-1.15268,-1.41943,
-0.943375,-0.269316,-0.0725019,-0.020698,-0.947327,-1.3683,
-0.949955,-0.204879,-0.0731156,-0.015769,-0.715309,-1.32747,
-0.952519,-0.152416,-0.0733939,-0.011744,-0.524266,-1.30083,
-0.953018,-0.112925,-0.0734988,-0.00870899,-0.382019,-1.28399,
-0.952393,-0.0848623,-0.0735072,-0.00654981,-0.282078,-1.27251,
-0.951133,-0.0648747,-0.0734585,-0.00501045,-0.211676,-1.26345,
-0.949492,-0.0506277,-0.0733738,-0.00391235,-0.16205,-1.25552,
-0.947708,-0.0408988,-0.0732707,-0.00316203,-0.128507,-1.24847,
-0.954838,-0.0340978,-0.0738479,-0.00263715,-0.115012,-1.27099,
-0.986603,-0.0294528,-0.0762981,-0.0022777,-0.181534,-1.40957,
-0.997547,-0.026294,-0.0771237,-0.00203288,-0.385058,-1.50585,
-0.999679,-0.023992,-0.0772682,-0.00185441,-1.24496,-1.56269,
-0.999494,-0.0223624,-0.0772378,-0.0017281,-2.36167,-1.59341,
-0.999152,-0.0213572,-0.0772018,-0.00165021,-2.5961,-1.606,
-0.999164,-0.0210303,-0.0772007,-0.00162492,-2.60134,-1.60588,
-0.999412,-0.0213338,-0.0772252,-0.00164848,-2.46994,-1.59764,
-0.999665,-0.0222298,-0.0772569,-0.00171798,-2.10866,-1.58406,
-0.999713,-0.0237129,-0.0772783,-0.00183302,-1.42533,-1.56732,
-0.999417,-0.0255556,-0.0772777,-0.00197603,-0.845992,-1.54815,
-0.998674,-0.0276748,-0.0772452,-0.00214059,-0.56752,-1.52735,
-0.997436,-0.0299977,-0.0771749,-0.00232102,-0.432542,-1.50575,
-0.995658,-0.0323997,-0.0770621,-0.00250768,-0.355489,-1.48337,
-0.993356,-0.0348086,-0.0769061,-0.0026949,-0.307272,-1.46081,
-0.990499,-0.0371589,-0.0767037,-0.00287757,-0.273616,-1.43791,
-0.987159,-0.0393778,-0.0764594,-0.00304997,-0.249075,-1.41524,
-0.983431,-0.0414568,-0.0761802,-0.0032114,-0.230726,-1.39323,
-0.979287,-0.0434247,-0.0758638,-0.00336404,-0.216149,-1.37153,
-0.97442,-0.0565633,-0.0754869,-0.00438187,-0.254425,-1.35119,
-0.969159,-0.0723141,-0.0750738,-0.00560166,-0.29782,-1.33233,
-0.9638,-0.0831896,-0.074649,-0.00644327,-0.317306,-1.31378,
-0.95859,-0.0877998,-0.0742331,-0.00679921,-0.313403,-1.29536,
-0.953335,-0.0880078,-0.0738115,-0.00681396,-0.295793,-1.27664,
-0.947957,-0.0862764,-0.0733786,-0.00667841,-0.274401,-1.25809,
-0.9425,-0.0838637,-0.0729383,-0.00649005,-0.253645,-1.24015,
-0.936785,-0.0832115,-0.0724768,-0.00643787,-0.240113,-1.22276,
-0.931381,-0.0658246,-0.0720414,-0.00509147,-0.181814,-1.20379,
-0.925558,-0.0382199,-0.0715725,-0.00295551,-0.101121,-1.1843,
-0.919024,-0.00562381,-0.0710453,-0.00043475,-0.0142669,-1.16564,
-0.911791,0.0268599,-0.0704611,0.00207567,0.0654542,-1.14843,
-0.903419,0.0680596,-0.069784,0.00525722,0.15941,-1.1326,
-0.894692,0.0985495,-0.0690811,0.00760922,0.222455,-1.11764,
-0.885905,0.117627,-0.068379,0.00907912,0.25638,-1.10197,
-0.876811,0.127019,-0.0676599,0.0098015,0.267336,-1.08429,
-0.867395,0.128368,-0.0669225,0.00990401,0.260913,-1.06467,
-0.857227,0.123847,-0.0661326,0.00955446,0.24289,-1.04292,
-0.846225,0.115123,-0.0652828,0.00888124,0.217778,-1.01958,
-0.834266,0.102592,-0.0643625,0.00791483,0.187161,-0.994875,
-0.821235,0.0620302,-0.063369,0.00478644,0.108928,-0.966355,
-0.806345,-0.00529841,-0.0622321,-0.00040892,-0.00895853,-0.937965,
-0.788697,-0.0709201,-0.0608715,-0.0054736,-0.115615,-0.911932,
-0.768773,-0.123026,-0.0593271,-0.00949404,-0.193578,-0.886173,
-0.747033,-0.163284,-0.0576395,-0.0125986,-0.248158,-0.859009,
-0.72304,-0.194432,-0.0557771,-0.0149989,-0.285311,-0.82878,
-0.697095,-0.217208,-0.0537651,-0.0167527,-0.307785,-0.795402,
-0.668368,-0.234442,-0.0515403,-0.0180787,-0.320649,-0.758082,
-0.636839,-0.247772,-0.0491012,-0.0191036,-0.327172,-0.717278,
-0.602667,-0.258567,-0.0464605,-0.0199333,-0.329977,-0.673701,
-0.565034,-0.267839,-0.0435548,-0.020646,-0.330617,-0.626683,
-0.52441,-0.275872,-0.0404202,-0.0212635,-0.329951,-0.577083,
-0.480037,-0.282966,-0.0369978,-0.021809,-0.328434,-0.524167,
-0.432237,-0.288857,-0.0333123,-0.0222621,-0.326073,-0.468426,
-0.381592,-0.293287,-0.0294084,-0.0226029,-0.322877,-0.410584,
-0.326854,-0.305178,-0.0251893,-0.0235188,-0.328807,-0.350351,
-0.268758,-0.343484,-0.0207109,-0.0264694,-0.36463,-0.290226,
-0.207647,-0.373226,-0.0160006,-0.0287596,-0.391464,-0.225732,
-0.14473,-0.390137,-0.0111519,-0.0300612,-0.405293,-0.157841,
-0.0803604,-0.405452,-0.00619163,-0.0312394,-0.418913,-0.0880241,
-0.0155418,-0.40977,-0.00119742,-0.0315707,-0.422256,-0.0170387,
0.0490836,-0.404884,0.00378155,-0.0311935,-0.417387,0.0537062,
0.112914,-0.39332,0.00869908,-0.0303021,-0.406995,0.123123,
0.174853,-0.377211,0.0134708,-0.0290606,-0.393164,0.18994,
0.235425,-0.358088,0.0181371,-0.027587,-0.377335,0.254896,
0.293336,-0.337239,0.0225982,-0.0259804,-0.360516,0.316865,
0.348325,-0.315406,0.026834,-0.024298,-0.343175,0.375847,
0.400125,-0.293134,0.0308239,-0.0225818,-0.325576,0.431803,
0.448441,-0.271044,0.0345451,-0.0208795,-0.308096,0.48463,
0.493328,-0.249215,0.0380017,-0.0191974,-0.290577,0.534488,
0.534759,-0.227987,0.0411917,-0.0175616,-0.273191,0.581434,
0.572923,-0.207491,0.0441297,-0.0159821,-0.255944,0.625705,
0.60788,-0.187796,0.0468202,-0.0144645,-0.238773,0.66733,
0.639418,-0.142918,0.049248,-0.0110076,-0.186971,0.702398,
0.66849,-0.094008,0.051483,-0.00723992,-0.126741,0.736182,
0.695137,-0.0479613,0.0535274,-0.00369315,-0.0667665,0.769725,
0.719417,-0.010705,0.0553864,-0.000824153,-0.0154128,0.803021,
0.741316,0.0128276,0.0570611,0.000987377,0.0191139,0.835119,
0.761042,0.0254034,0.0585694,0.00195503,0.0391703,0.865296,
0.77887,0.030552,0.0599334,0.00235095,0.0487323,0.893443,
0.79504,0.0318087,0.0611717,0.00244742,0.0524655,0.919737,
0.809702,0.0314054,0.0622959,0.00241623,0.0535415,0.944325,
0.84402,0.0224447,0.0649362,0.00172682,0.0418622,1.00513,
0.924349,0.0058244,0.0710907,0.000447949,0.0152658,1.17937,
0.96432,-0.0061226,0.0740973,-0.000470454,-0.0231289,1.30293,
0.982558,-0.0150401,0.0754108,-0.00115432,-0.0809671,1.38435,
0.990646,-0.0215649,0.075942,-0.00165315,-0.158698,1.43561,
0.994123,-0.0259756,0.0761303,-0.00198922,-0.242301,1.46547,
0.995534,-0.0288728,0.0761789,-0.00220936,-0.310825,1.48076,
0.995973,-0.0307987,0.076175,-0.00235557,-0.350689,1.48646,
0.995886,-0.031885,0.0761535,-0.00243819,-0.359563,1.48583,
0.995434,-0.0323273,0.0761255,-0.00247222,-0.345508,1.48082,
0.994967,-0.0321808,0.0761138,-0.00246179,-0.326942,1.47571,
0.995986,-0.031058,0.0762238,-0.0023769,-0.354334,1.4867,
0.999169,-0.0290277,0.0764908,-0.0022222,-0.79261,1.54217,
0.996573,-0.0262495,0.0762938,-0.00200956,-2.81867,1.64935,
0.990993,-0.0254207,0.0758881,-0.00194666,-2.9506,1.7027,
0.98806,-0.0250927,0.0756966,-0.00192238,-2.978,1.72345,
0.987742,-0.0244814,0.0757126,-0.00187656,-2.98411,1.72562,
0.989033,-0.0233712,0.0758575,-0.00179254,-2.98269,1.7172,
0.991177,-0.0218562,0.0760732,-0.00167747,-2.97594,1.70193,
0.993624,-0.0199334,0.076317,-0.00153102,-2.96386,1.68202,
0.995959,-0.0179733,0.0765559,-0.00138154,-2.9401,1.65892,
0.997898,-0.0160564,0.0767663,-0.00123519,-2.8912,1.63363,
0.999243,-0.0144884,0.0769307,-0.00111545,-2.75999,1.60691,
0.999876,-0.0130759,0.0770373,-0.00100746,-2.16494,1.57963,
0.999748,-0.011965,0.0770813,-0.000922508,-0.561573,1.55178,
0.998851,-0.011159,0.0770596,-0.000860899,-0.235027,1.52417,
0.99723,-0.0106981,0.0769744,-0.000825769,-0.144337,1.49712,
0.994993,-0.010609,0.076833,-0.000819223,-0.106354,1.47125,
0.992231,-0.0108577,0.0766423,-0.000838676,-0.0873845,1.44653,
0.989075,-0.0113369,0.0764125,-0.000875852,-0.0769805,1.42327,
0.985603,-0.0121015,0.0761501,-0.000934995,-0.0716353,1.40133,
0.98196,-0.0130239,0.0758672,-0.00100624,-0.0689316,1.381,
0.978216,-0.014159,0.0755702,-0.00109382,-0.0682597,1.36216,
0.974455,-0.0153421,0.0752668,-0.00118502,-0.0683664,1.34479,
0.970647,-0.0166607,0.0749557,-0.00128658,-0.0693283,1.32847,
0.966864,-0.0180604,0.0746437,-0.0013943,-0.0708034,1.31327,
0.963096,-0.0194904,0.0743309,-0.00150425,-0.0724753,1.29896,
0.959362,-0.0211242,0.0740197,-0.00162984,-0.0749314,1.28549,
0.955638,-0.0227448,0.073709,-0.00175432,-0.0772978,1.27266,
0.951952,-0.0242996,0.0734015,-0.00187365,-0.07943,1.26047,
0.948243,-0.0259404,0.0730932,-0.00199956,-0.0817813,1.24866,
0.944424,-0.0276806,0.0727777,-0.00213308,-0.0843044,1.23694,
0.940439,-0.0293312,0.072451,-0.00225967,-0.0863856,1.22511,
0.936298,-0.0310732,0.072114,-0.00239327,-0.0885914,1.21323,
0.931853,-0.0328474,0.0717551,-0.00252933,-0.0906534,1.20088,
0.927123,-0.0345573,0.0713759,-0.00266044,-0.0923433,1.18814,
0.922009,-0.0362686,0.0709689,-0.00279167,-0.0938141,1.17481,
0.916526,-0.0380211,0.0705349,-0.00292606,-0.0952023,1.16097,
0.910422,-0.0398307,0.0700543,-0.00306485,-0.0964331,1.14605,
0.90374,-0.0416332,0.0695305,-0.00320311,-0.0974094,1.13026,
0.896342,-0.0434008,0.0689527,-0.00333868,-0.0980467,1.11336,
0.888167,-0.0450993,0.0683161,-0.00346895,-0.0983022,1.09531,
0.879139,-0.0467699,0.0676148,-0.00359709,-0.0982976,1.07608,
0.869145,-0.0485169,0.0668399,-0.0037311,-0.0982597,1.05555,
0.858191,-0.0502963,0.0659917,-0.0038676,-0.0981378,1.03386,
0.84599,-0.0522162,0.065048,-0.00401489,-0.0980872,1.01059,
0.832379,-0.0542431,0.0639963,-0.0041704,-0.098032,0.985604,
0.817386,-0.0563926,0.0628385,-0.00433532,-0.0980455,0.959124,
0.80065,-0.0584168,0.0615471,-0.00449058,-0.0976573,0.930668,
0.781866,-0.0715362,0.0600987,-0.00549868,-0.114997,0.900882,
0.760381,-0.111389,0.0584412,-0.00856113,-0.172358,0.871263,
0.736828,-0.143685,0.0566241,-0.0110419,-0.214159,0.839866,
0.710943,-0.166176,0.0546286,-0.0127689,-0.238553,0.805197,
0.682821,-0.179117,0.0524629,-0.013762,-0.247694,0.767092,
0.652235,-0.184129,0.0501094,-0.0141461,-0.245364,0.725595,
0.61838,-0.183126,0.047506,-0.0140684,-0.235183,0.680288,
0.581303,-0.171944,0.0446566,-0.013209,-0.21292,0.631172,
0.541078,-0.136969,0.0415674,-0.0105224,-0.163598,0.577852,
0.496655,-0.0595862,0.0381555,-0.00457771,-0.0687058,0.520759,
0.427729,0.103451,0.0328532,0.00794592,0.1147,0.444533,
0.359391,0.229411,0.0275894,0.0176112,0.248382,0.37819,
0.293029,0.311279,0.0224824,0.0238826,0.331615,0.313456,
0.198005,0.36749,0.0151843,0.0281815,0.384303,0.214544,
0.0108612,0.400533,0.000832387,0.0306963,0.412124,0.0118538,
-0.18579,0.408328,-0.0142255,0.0312646,0.428562,-0.204963,
-0.364466,0.385979,-0.0278697,0.0295147,0.427381,-0.406157,
-0.490887,0.347466,-0.037488,0.0265353,0.410235,-0.550959,
-0.576835,0.306152,-0.0440033,0.0233545,0.384171,-0.650934,
-0.635645,0.265403,-0.0484519,0.0202303,0.350955,-0.719873,
-0.675041,0.224657,-0.0514355,0.017118,0.309418,-0.765295,
-0.700246,0.182455,-0.0533588,0.0139031,0.258442,-0.792629,
-0.71419,0.137698,-0.0544466,0.0104974,0.198016,-0.805329,
-0.718471,0.0902079,-0.0548184,0.00688275,0.130058,-0.80584,
-0.714113,0.0401089,-0.0545474,0.00306371,0.0573274,-0.796179,
-0.701894,-0.0116849,-0.0536863,-0.000893751,-0.0164056,-0.77812,
-0.682566,-0.0638167,-0.0522848,-0.00488838,-0.0874329,-0.753178,
-0.656672,-0.116386,-0.0503789,-0.00892899,-0.154942,-0.722371,
-0.625109,-0.168009,-0.0480308,-0.0129091,-0.216946,-0.686874,
-0.589064,-0.218165,-0.0453269,-0.0167872,-0.273369,-0.648013,
-0.549465,-0.266411,-0.0423359,-0.0205268,-0.324524,-0.606588,
-0.50733,-0.312057,-0.0391347,-0.0240716,-0.37054,-0.56332,
-0.460365,-0.352145,-0.0355469,-0.0271908,-0.407897,-0.514238,
-0.389688,-0.374719,-0.0301162,-0.0289593,-0.419041,-0.43379,
-0.313102,-0.398982,-0.0242134,-0.0308549,-0.433561,-0.348466,
-0.242991,-0.426182,-0.0187993,-0.032972,-0.454874,-0.271946,
-0.130458,-0.454667,-0.0100954,-0.035184,-0.476403,-0.147002,
-0.0231962,-0.48421,-0.0017948,-0.0374658,-0.505609,-0.0265145,
0.0650166,-0.514208,0.00502864,-0.0397709,-0.541356,0.0758793,
0.145026,-0.543326,0.0112098,-0.0419965,-0.581324,0.17362,
0.206153,-0.572979,0.0159228,-0.0442557,-0.625567,0.254269,
0.167063,-0.662509,0.0128991,-0.051153,-0.736842,0.224923,
0.116193,-0.783641,0.00896468,-0.0604606,-0.909155,0.18815,
0.0787356,-0.857991,0.00606761,-0.0661195,-1.03657,0.153889,
0.0549021,-0.899789,0.00422552,-0.069252,-1.12241,0.126163,
0.0407367,-0.922019,0.00313163,-0.0708801,-1.17525,0.105419,
0.0325957,-0.932703,0.00250343,-0.0716339,-1.20321,0.0905049,
0.0275068,-0.936606,0.0021112,-0.0718863,-1.21383,0.0785855,
0.0233673,-0.936793,0.0017928,-0.0718731,-1.21408,0.0668355,
0.0192542,-0.934873,0.00147706,-0.0717173,-1.20839,0.0542666,
0.0147981,-0.931741,0.00113535,-0.0714852,-1.19946,0.0407636,
0.0101346,-0.932567,0.000777742,-0.0715665,-1.20159,0.0280775,
0.00587794,-0.939989,0.000451221,-0.0721585,-1.22265,0.0172279,
0.00219044,-0.951437,0.000168203,-0.0730607,-1.25788,0.00711547,
-0.000873072,-0.963575,-6.70632e-05,-0.074015,-1.30007,-0.00326459,
-0.00350377,-0.974142,-0.000269208,-0.0748469,-1.34292,-0.0155085,
-0.00586693,-0.980059,-0.000450918,-0.075325,-1.37084,-0.02953,
-0.00786271,-0.980741,-0.000604557,-0.0754084,-1.37438,-0.040268,
-0.0107634,-0.979068,-0.000827971,-0.0753144,-1.36611,-0.0529074,
-0.014935,-0.983532,-0.00114919,-0.0756789,-1.38967,-0.0827294,
-0.0185345,-0.990073,-0.0014264,-0.0761955,-1.43099,-0.132256,
-0.0218952,-0.990104,-0.00168572,-0.0762285,-1.4317,-0.156659,
-0.0267669,-0.984897,-0.00206197,-0.0758708,-1.39883,-0.155218,
-0.032188,-0.977041,-0.00248093,-0.0753067,-1.35849,-0.151663,
-0.0368604,-0.968527,-0.00284239,-0.0746854,-1.3219,-0.148635,
-0.0403084,-0.960584,-0.00310948,-0.0741017,-1.29192,-0.145513,
-0.0426295,-0.953323,-0.0032896,-0.0735652,-1.26694,-0.141653,
-0.0441122,-0.946358,-0.0034049,-0.0730467,-1.24464,-0.136947,
-0.0451583,-0.939117,-0.00348637,-0.072503,-1.22285,-0.131809,
-0.0457894,-0.931375,-0.00353564,-0.0719165,-1.20087,-0.126108,
-0.046049,-0.923022,-0.00355604,-0.0712784,-1.17842,-0.119974,
-0.045953,-0.914164,-0.00354877,-0.0705972,-1.15583,-0.113612,
-0.0456574,-0.904826,-0.00352588,-0.069875,-1.1332,-0.107439,
-0.0451326,-0.895118,-0.00348512,-0.0691206,-1.11075,-0.101407,
-0.0443988,-0.885055,-0.00342807,-0.0683358,-1.08849,-0.0955266,
-0.0435787,-0.874611,-0.00336425,-0.0675195,-1.06635,-0.0900069,
-0.0425189,-0.863807,-0.00328185,-0.0666735,-1.04433,-0.0844932,
-0.0414889,-0.852491,-0.0032017,-0.0657868,-1.02214,-0.0794514,
-0.0404518,-0.840683,-0.003121,-0.0648618,-0.999816,-0.0747691,
-0.0394241,-0.828104,-0.00304103,-0.063877,-0.976867,-0.0703861,
-0.0385384,-0.814695,-0.00297205,-0.0628286,-0.953249,-0.0665071,
-0.0376222,-0.800347,-0.00290075,-0.0617084,-0.928819,-0.0627933,
-0.0369406,-0.784823,-0.00284759,-0.0604986,-0.903276,-0.0596438,
-0.0363435,-0.76806,-0.00280099,-0.0591942,-0.876599,-0.0567836,
-0.0358971,-0.749811,-0.00276605,-0.0577766,-0.848508,-0.0542805,
-0.0355658,-0.729876,-0.00274001,-0.0562302,-0.818817,-0.0520523,
-0.0354485,-0.707973,-0.0027305,-0.0545332,-0.787255,-0.0502145,
-0.0355386,-0.683961,-0.00273699,-0.052675,-0.753772,-0.0487345,
-0.0357891,-0.657884,-0.00275586,-0.0506589,-0.718566,-0.047539,
-0.0362202,-0.629045,-0.00278866,-0.0484313,-0.680855,-0.0466102,
-0.0367456,-0.597514,-0.00282872,-0.0459974,-0.640901,-0.0458416,
-0.0373841,-0.563189,-0.00287751,-0.0433496,-0.598717,-0.0452567,
-0.0381674,-0.52564,-0.00293747,-0.0404547,-0.553918,-0.0448806,
-0.0388395,-0.484975,-0.00298887,-0.0373209,-0.506754,-0.0444266,
-0.0397235,-0.441065,-0.00305658,-0.0339383,-0.457173,-0.0442758,
-0.0406805,-0.3939,-0.00312991,-0.0303063,-0.405226,-0.0442731,
-0.0415075,-0.343389,-0.00319325,-0.0264175,-0.350838,-0.0442093,
-0.0422034,-0.289867,-0.00324649,-0.022298,-0.294358,-0.0441109,
-0.0427813,-0.234198,-0.00329065,-0.018014,-0.236614,-0.0440193,
-0.0433269,-0.17564,-0.00333233,-0.0135087,-0.176724,-0.0440253,
-0.043751,-0.115264,-0.00336466,-0.00886437,-0.115632,-0.0440588,
-0.043859,-0.0537177,-0.00337269,-0.00413081,-0.0537954,-0.0439365,
-0.0438649,0.00847745,-0.00337288,0.000651852,0.00848572,-0.0438805,
-0.0435208,0.070563,-0.00334617,0.00542536,0.0706887,-0.0436434,
-0.0431002,0.131903,-0.0033136,0.0101409,0.132412,-0.0434938,
-0.0423867,0.191711,-0.00325853,0.014738,0.19308,-0.0432012,
-0.0417173,0.249464,-0.00320686,0.0191766,0.252351,-0.0430926,
-0.0408591,0.304586,-0.0031407,0.0234125,0.309771,-0.0429106,
-0.0397713,0.356972,-0.00305692,0.0274377,0.365327,-0.0425894,
-0.0382072,0.405656,-0.00293655,0.0311781,0.41802,-0.0418132,
-0.0365478,0.451817,-0.00280888,0.0347243,0.469139,-0.0409792,
-0.0347367,0.494637,-0.00266958,0.0380138,0.517761,-0.0399792,
-0.0330522,0.534259,-0.00254003,0.0410574,0.563977,-0.0391101,
-0.0310992,0.582105,-0.00238991,0.0447335,0.621662,-0.0382564,
-0.0284949,0.713029,-0.00218937,0.0547847,0.794222,-0.0406523,
-0.0264303,0.81887,-0.00202912,0.0628668,0.959938,-0.0460638,
-0.0244114,0.880828,-0.00187193,0.0675442,1.07816,-0.051585,
-0.0221988,0.915321,-0.00170014,0.0701019,1.15687,-0.0551494,
-0.0201304,0.934098,-0.00154001,0.0714601,1.20626,-0.0564153,
-0.0182933,0.943641,-0.00139827,0.0721283,1.23394,-0.0552997,
-0.0165866,0.948283,-0.00126711,0.0724427,1.24819,-0.052277,
-0.0151236,0.950143,-0.00115507,0.0725678,1.25404,-0.048521,
-0.0139221,0.950401,-0.00106339,0.0725928,1.25482,-0.0447766,
-0.0128279,0.949611,-0.000980154,0.0725576,1.25224,-0.040939,
-0.0122267,0.95223,-0.000934692,0.0727949,1.26069,-0.0400482,
-0.0121014,0.959839,-0.000925651,0.0734194,1.28668,-0.0431475,
-0.0127193,0.97286,-0.000973449,0.0744558,1.33762,-0.0549957,
-0.0141747,0.989908,-0.00108516,0.0757836,1.42931,-0.100194,
-0.015866,0.997184,-0.00121506,0.0763672,1.49742,-0.213157,
-0.0169226,0.999019,-0.00129666,0.076548,1.52986,-0.392126,
-0.0171696,0.999316,-0.00131645,0.0766207,1.53805,-0.483005,
-0.0166597,0.999074,-0.00127834,0.0766615,1.5311,-0.397539,
-0.0152665,0.998333,-0.00117244,0.0766701,1.5151,-0.267685,
-0.0138141,0.996943,-0.00106185,0.0766324,1.49382,-0.177751,
-0.0122426,0.994785,-0.000941933,0.0765376,1.46936,-0.120324,
-0.0105891,0.991766,-0.000815477,0.076377,1.44282,-0.0827815,
-0.0090494,0.987864,-0.000697548,0.0761467,1.4151,-0.0582957,
-0.0075773,0.983062,-0.000584588,0.0758431,1.38663,-0.0413558,
-0.00618677,0.977412,-0.000477696,0.0754685,1.35794,-0.0292777,
-0.00489001,0.970968,-0.000377844,0.0750253,1.32929,-0.0204438,
-0.00378084,0.963938,-0.00029232,0.0745279,1.30145,-0.0142074,
-0.00276678,0.95626,-0.000214026,0.073972,1.27395,-0.00945865,
-0.0017151,0.948144,-0.000132726,0.0733734,1.24735,-0.00539613,
-0.000729447,0.93967,-5.64654e-05,0.0727384,1.22167,-0.00213238,
0.000141498,0.93096,1.09551e-05,0.0720773,1.19703,0.000387537,
0.000963723,0.922033,7.46204e-05,0.0713924,1.1733,0.00248953,
0.00175079,0.912975,0.000135563,0.0706913,1.15052,0.004291,
0.00259019,0.90372,0.000200544,0.0699701,1.12839,0.00605012,
0.00326662,0.894386,0.000252885,0.0692388,1.10707,0.0073031,
0.00392325,0.884824,0.000303667,0.0684871,1.08613,0.00842043,
0.00460686,0.875157,0.00035651,0.0677255,1.06578,0.00952159,
0.00526687,0.864952,0.000407497,0.0669211,1.04508,0.010495,
0.005956,0.85434,0.000460707,0.0660847,1.02431,0.0114604,
0.00669595,0.843132,0.000517819,0.065202,1.00312,0.0124531,
0.00732318,0.831342,0.000566187,0.0642747,0.981557,0.0131772,
0.00791015,0.81867,0.000611422,0.0632798,0.959136,0.0137748,
0.00840825,0.805038,0.000649772,0.0622116,0.935787,0.0141743,
0.0090676,0.789079,0.000700572,0.0609651,0.909361,0.0147616,
0.0100496,0.705925,0.000776341,0.0545335,0.783778,0.014189,
0.0108857,0.575008,0.00084046,0.0443952,0.612655,0.0133056,
0.0111056,0.466507,0.000856576,0.0359818,0.48537,0.0125558,
0.0105198,0.38768,0.000810458,0.0298673,0.398137,0.0114126,
0.00926726,0.333834,0.00071315,0.0256898,0.340383,0.00983142,
0.00768679,0.300955,0.000590949,0.023137,0.305703,0.00806058,
0.00628358,0.282799,0.000482706,0.0217247,0.286717,0.00655105,
0.00521527,0.273459,0.000400429,0.0209962,0.276991,0.00542196,
0.00454035,0.269166,0.00034851,0.0206607,0.27253,0.00471436,
0.0041067,0.267512,0.0003152,0.0205322,0.270812,0.00426205,
0.00403622,0.264417,0.00030982,0.0202967,0.267602,0.00418519,
0.00431748,0.243637,0.000331467,0.0187048,0.246116,0.00445163,
0.000622868,0.237566,4.78344e-05,0.0182444,0.23986,0.000641225,
-0.00544837,0.374177,-0.000418699,0.0287549,0.383515,-0.00587519,
-0.00577964,0.603932,-0.00044427,0.0464231,0.648438,-0.00725148,
-0.00336204,0.713341,-0.000258486,0.0548443,0.794259,-0.00479733,
0.00250276,0.690836,0.000192639,0.0531741,0.762647,0.00346158,
0.00956976,0.536075,0.000737769,0.041328,0.565809,0.0113365,
0.0149811,0.337616,0.00115584,0.0260482,0.344423,0.0159163,
0.018357,0.167303,0.00141619,0.0129069,0.168122,0.0186205,
0.0233945,0.0848475,0.00180411,0.00654315,0.0849729,0.0234814,
0.027077,0.0659638,0.00208724,0.00508484,0.066036,0.0271394,
0.0270043,0.0455542,0.00208067,0.00350992,0.0455866,0.0270357,
0.0254846,0.0227709,0.00196269,0.0017537,0.0227803,0.025494,
0.0328332,0.0624362,0.00252803,0.00480735,0.0625106,0.0329033,
0.0391731,0.191649,0.0030159,0.0147549,0.192992,0.0399236,
0.0381288,0.224438,0.00293532,0.0172782,0.226534,0.039137,
0.0339338,0.190531,0.00261267,0.0146696,0.191815,0.034574,
0.0326153,0.156211,0.00251153,0.0120289,0.156937,0.0330267,
0.0312998,0.128629,0.00241057,0.00990639,0.12905,0.0315672,
0.0273701,0.0819009,0.00210815,0.00630833,0.0820236,0.0274658,
0.025007,0.0373771,0.00192623,0.00287907,0.0373975,0.0250271,
0.0246411,0.00269162,0.00189802,0.000207326,0.00269244,0.0246437,
0.0237584,-0.0327446,0.00182991,-0.00252205,-0.0327597,0.0237734,
0.0210905,-0.0724254,0.00162426,-0.00557775,-0.072505,0.0211476,
0.0165147,-0.10837,0.00127168,-0.00834478,-0.108598,0.0166133,
0.011164,-0.132513,0.000859539,-0.0102024,-0.132912,0.0112636,
0.00610427,-0.148348,0.000469915,-0.0114201,-0.148901,0.00617261,
0.00155275,-0.179727,0.000119515,-0.0138336,-0.180709,0.00157845,
-0.00208236,-0.215407,-0.000160254,-0.0165772,-0.217109,-0.00213242,
-0.00483264,-0.227287,-0.000371867,-0.0174895,-0.229294,-0.00496254,
-0.00706761,-0.224426,-0.000543809,-0.0172682,-0.22636,-0.00725268,
-0.00942265,-0.243126,-0.000724955,-0.0187055,-0.245599,-0.00971428,
-0.0111505,-0.269681,-0.000857821,-0.0207469,-0.273079,-0.0115797,
-0.0121047,-0.269531,-0.000931214,-0.020735,-0.272926,-0.0125702,
-0.0126857,-0.253706,-0.000975932,-0.019518,-0.256531,-0.0131152,
-0.0138485,-0.266892,-0.00106537,-0.0205321,-0.270193,-0.0143702,
-0.0144645,-0.291957,-0.00111273,-0.0224598,-0.296304,-0.0151239,
-0.0143234,-0.285752,-0.00110191,-0.0219831,-0.289822,-0.0149472,
-0.013749,-0.261604,-0.00105778,-0.0201264,-0.264709,-0.0142456,
-0.0141438,-0.272531,-0.00108816,-0.0209672,-0.276051,-0.0147008,
-0.0141709,-0.299905,-0.00109022,-0.0230729,-0.304625,-0.0148552,
-0.0131915,-0.290743,-0.0010149,-0.0223686,-0.295029,-0.0137875,
-0.0118543,-0.26084,-0.000912051,-0.0200687,-0.263911,-0.0122796,
-0.0117314,-0.270349,-0.000902589,-0.0208001,-0.273775,-0.0121854,
-0.0113931,-0.30021,-0.000876532,-0.0230968,-0.304933,-0.0119443,
-0.0102013,-0.290017,-0.000784848,-0.0223127,-0.29426,-0.0106597,
-0.00867287,-0.256427,-0.000667263,-0.0197287,-0.259334,-0.00897301,
-0.00847049,-0.265106,-0.000651675,-0.0203959,-0.268324,-0.00878493,
-0.00809402,-0.296066,-0.00062268,-0.0227766,-0.300581,-0.00847403,
-0.0068276,-0.284292,-0.000525245,-0.0218705,-0.288274,-0.0071215,
-0.00534112,-0.248095,-0.000410888,-0.0190858,-0.250717,-0.00551352,
-0.00513703,-0.256624,-0.000395171,-0.0197411,-0.259531,-0.00531505,
-0.00464213,-0.287747,-0.000357079,-0.0221339,-0.291877,-0.00484715,
-0.00348432,-0.274925,-0.000268013,-0.0211472,-0.278514,-0.00362398,
-0.00212801,-0.23744,-0.000163683,-0.0182635,-0.23973,-0.00219066,
-0.00188852,-0.244704,-0.000145256,-0.0188215,-0.247215,-0.00194774,
-0.00147007,-0.274252,-0.000113065,-0.021093,-0.277812,-0.00152869,
-0.000502951,-0.260108,-3.86818e-05,-0.0200048,-0.263134,-0.00052088,
0.000443383,-0.221447,3.41e-05,-0.0170312,-0.223298,0.000454672,
0.000598888,-0.226947,4.60582e-05,-0.0174537,-0.228942,0.000614933,
0.00103317,-0.255707,7.94544e-05,-0.0196647,-0.25858,0.0010687,
0.00179994,-0.2417,0.00013842,-0.0185873,-0.244118,0.00185494,
0.00242763,-0.203561,0.00018669,-0.0156543,-0.204994,0.00247954,
0.00263208,-0.208555,0.000202409,-0.0160381,-0.210098,0.00269126,
0.00306868,-0.23451,0.000235978,-0.0180335,-0.236716,0.00315671,
0.00354043,-0.219999,0.000272255,-0.0169177,-0.221815,0.00362935,
0.00381424,-0.182719,0.000293311,-0.0140509,-0.183752,0.00387956,
0.00411169,-0.185275,0.000316182,-0.0142474,-0.186353,0.00418414,
0.00458357,-0.210066,0.000352464,-0.0161535,-0.211645,0.00468819,
0.00481622,-0.196121,0.000370357,-0.0150813,-0.197403,0.00491163,
0.00477582,-0.160621,0.000367253,-0.0123515,-0.161322,0.00483867,
0.0052549,-0.162544,0.000404093,-0.0124994,-0.163271,0.00532575,
0.00593301,-0.183462,0.000456239,-0.0141079,-0.18451,0.00603548,
0.00599386,-0.169066,0.000460924,-0.013001,-0.169885,0.00608144,
0.00566957,-0.135838,0.00043599,-0.010446,-0.136262,0.00572265,
0.00637696,-0.13595,0.000490391,-0.0104546,-0.136375,0.00643677,
0.00729601,-0.155147,0.00056107,-0.011931,-0.155781,0.00738551,
0.00728582,-0.142913,0.000560295,-0.0109903,-0.143408,0.00736145,
0.00674339,-0.113397,0.000518587,-0.00872058,-0.113644,0.00678722,
0.00777616,-0.113258,0.000598018,-0.00871003,-0.113505,0.0078266,
0.00897548,-0.12941,0.000690261,-0.00995227,-0.129779,0.00905172,
0.00881378,-0.118015,0.000677839,-0.00907615,-0.118295,0.00887592,
0.00811561,-0.0918516,0.000624156,-0.00706413,-0.0919843,0.00815016,
0.00948561,-0.0914354,0.000729535,-0.00703226,-0.0915674,0.00952566,
0.0109348,-0.104043,0.000841009,-0.00800212,-0.104238,0.0109947,
0.0105943,-0.0939515,0.000814845,-0.00722613,-0.0940956,0.0106416,
0.00950406,-0.0717615,0.000731005,-0.00551953,-0.0718265,0.00952877,
0.0109606,-0.070894,0.000843057,-0.00545294,-0.0709578,0.0109885,
0.0126375,-0.0825223,0.000972062,-0.00634752,-0.0826229,0.0126811,
0.0121859,-0.0746162,0.000937349,-0.00573955,-0.0746912,0.0122202,
0.0108527,-0.0561938,0.000834822,-0.00432258,-0.0562267,0.0108701,
0.0125873,-0.0554331,0.000968273,-0.00426418,-0.0554659,0.012607,
0.0145053,-0.0640657,0.00111585,-0.00492839,-0.0641163,0.0145357,
0.013869,-0.0570244,0.00106693,-0.00438684,-0.0570608,0.013892,
0.0122559,-0.0417686,0.000942864,-0.00321331,-0.0417839,0.012267,
0.0140859,-0.0405099,0.00108367,-0.00311655,-0.040525,0.0140979,
0.0162341,-0.0477939,0.00124897,-0.00367703,-0.0478184,0.0162533,
0.0154575,-0.0426561,0.00118925,-0.00328183,-0.0426742,0.0154722,
0.013574,-0.0308603,0.00104436,-0.00237434,-0.0308681,0.0135809,
0.0155514,-0.0299465,0.00119652,-0.00230408,-0.0299546,0.015559,
0.0209518,-0.0436693,0.00161206,-0.00335997,-0.0436928,0.0209734,
0.0251046,-0.0555828,0.00193161,-0.00427668,-0.055629,0.0251462,
0.026893,-0.0591962,0.00206925,-0.00455477,-0.0592523,0.0269435,
0.0268831,-0.0551966,0.00206852,-0.0042471,-0.0552447,0.0269274,
0.0255033,-0.0457765,0.00196238,-0.00352232,-0.0458074,0.0255328,
0.0232186,-0.0336492,0.00178659,-0.0025892,-0.0336647,0.0232338,
0.0206283,-0.0212508,0.00158728,-0.00163519,-0.021257,0.0206344,
0.01816,-0.0100726,0.00139736,-0.000775059,-0.0100745,0.018162,
0.0160117,-0.00100712,0.00123205,-7.74945e-05,-0.00100725,0.0160123,
0.014355,0.00579221,0.00110457,0.000445691,0.00579284,0.0143557,
0.0131311,0.0107189,0.00101039,0.000824783,0.0107201,0.0131322,
0.0123317,0.01427,0.000948877,0.00109802,0.0142716,0.0123333,
0.0117589,0.0167248,0.000904806,0.00128691,0.0167268,0.0117609,
0.0112941,0.0184622,0.00086904,0.0014206,0.0184644,0.0112963,
0.0109463,0.019614,0.000842277,0.00150923,0.0196165,0.0109486,
0.0107286,0.0203106,0.000825534,0.00156283,0.0203131,0.010731,
0.010728,0.0205173,0.000825494,0.00157875,0.0205199,0.0107305,
0.0107949,0.0203184,0.000830646,0.00156345,0.020321,0.0107974,
0.0109401,0.0197187,0.000841825,0.00151732,0.0197211,0.0109425,
0.011106,0.018739,0.000854598,0.00144194,0.0187412,0.0111082,
0.0113884,0.0173853,0.000876327,0.00133779,0.0173873,0.0113903,
0.0116889,0.0158122,0.000899464,0.00121675,0.015814,0.0116907,
0.012067,0.0140293,0.000928563,0.00107957,0.0140308,0.0120685,
0.0125196,0.0121983,0.000963396,0.000938676,0.0121996,0.0125208,
0.0129595,0.0103706,0.000997255,0.000798038,0.0103717,0.0129606,
0.0134172,0.00847617,0.00103248,0.00065226,0.00847704,0.0134181,
0.0139043,0.00651883,0.00106997,0.00050164,0.0065195,0.013905,
0.0142984,0.00463388,0.0011003,0.000356591,0.00463437,0.014299,
0.0146435,0.00280651,0.00112686,0.00021597,0.00280681,0.0146441,
0.0149971,0.00111519,0.00115408,8.58178e-05,0.00111531,0.0149977,
0.0152771,-0.0004239,0.00117563,-3.26208e-05,-0.000423949,0.0152777,
0.0155651,-0.00190361,0.0011978,-0.000146492,-0.00190385,0.0155658,
0.0158384,-0.00331543,0.00121884,-0.000255138,-0.00331585,0.0158392,
0.0160209,-0.00460964,0.00123289,-0.000354734,-0.00461024,0.0160218,
0.0161018,-0.00574475,0.00123912,-0.000442088,-0.00574553,0.0161028,
0.016083,-0.00678291,0.00123768,-0.000521981,-0.00678384,0.0160841,
0.015986,-0.00769176,0.00123021,-0.000591923,-0.00769282,0.0159872,
0.0158816,-0.00842092,0.00122218,-0.000648038,-0.00842208,0.0158828,
0.0157847,-0.00905647,0.00121473,-0.00069695,-0.00905772,0.015786,
0.015654,-0.00961788,0.00120467,-0.000740154,-0.0096192,0.0156554,
0.0155199,-0.0100519,0.00119435,-0.000773553,-0.0100532,0.0155213,
0.0154688,-0.0104082,0.00119042,-0.00080098,-0.0104097,0.0154702,
0.0153184,-0.0106714,0.00117885,-0.000821235,-0.0106729,0.0153199,
0.0150873,-0.0108548,0.00116107,-0.000835344,-0.0108562,0.0150888,
0.0148938,-0.0109794,0.00114618,-0.000844934,-0.0109808,0.0148953,
0.0147359,-0.01111,0.00113402,-0.000854989,-0.0111115,0.0147373,
0.014595,-0.0112513,0.00112318,-0.00086586,-0.0112527,0.0145965,
0.014449,-0.011348,0.00111194,-0.000873301,-0.0113494,0.0144504,
0.0142738,-0.0113735,0.00109846,-0.000875264,-0.0113749,0.0142752,
0.0141475,-0.0113765,0.00108874,-0.000875497,-0.0113779,0.0141489,
0.013965,-0.0113203,0.0010747,-0.000871174,-0.0113217,0.0139663,
0.0138989,-0.0113004,0.00106961,-0.00086964,-0.0113017,0.0139003,
0.0138859,-0.0113517,0.00106861,-0.000873593,-0.0113531,0.0138872,
0.0138601,-0.0114111,0.00106663,-0.000878163,-0.0114125,0.0138614,
0.0138114,-0.0114372,0.00106288,-0.000880169,-0.0114385,0.0138128,
0.0137524,-0.0114695,0.00105834,-0.000882652,-0.0114708,0.0137538,
0.0136849,-0.0114635,0.00105314,-0.000882189,-0.0114648,0.0136862,
0.0137103,-0.0115577,0.0010551,-0.000889439,-0.011559,0.0137117,
0.0137206,-0.0116485,0.00105589,-0.000896424,-0.0116498,0.0137219,
0.0137367,-0.0117377,0.00105713,-0.000903291,-0.0117391,0.0137381,
0.0137909,-0.0118865,0.0010613,-0.000914741,-0.0118879,0.0137923,
0.0138445,-0.0120546,0.00106541,-0.000927672,-0.012056,0.0138459,
0.0138454,-0.012215,0.00106548,-0.000940015,-0.0122165,0.0138468,
0.0138818,-0.0123277,0.00106828,-0.000948692,-0.0123292,0.0138833,
0.0138449,-0.0124354,0.00106545,-0.000956972,-0.0124369,0.0138464,
0.013849,-0.0125517,0.00106576,-0.000965928,-0.0125533,0.0138506,
0.0139225,-0.012687,0.00107141,-0.000976338,-0.0126886,0.0139241,
0.0138907,-0.0126958,0.00106896,-0.000977008,-0.0126973,0.0138922,
0.0138835,-0.0127696,0.00106841,-0.00098269,-0.0127712,0.0138851,
0.0139277,-0.0129672,0.00107181,-0.000997891,-0.0129688,0.0139294,
0.0139656,-0.0131272,0.00107473,-0.00101021,-0.0131289,0.0139673,
0.0139175,-0.0131755,0.00107102,-0.00101392,-0.0131771,0.0139191,
0.0139216,-0.0131558,0.00107134,-0.00101241,-0.0131575,0.0139233,
0.013908,-0.0131416,0.00107029,-0.00101131,-0.0131432,0.0139096,
0.0139024,-0.0131518,0.00106985,-0.0010121,-0.0131535,0.013904,
0.0139329,-0.0132548,0.0010722,-0.00102002,-0.0132565,0.0139346,
0.0139136,-0.0132535,0.00107071,-0.00101992,-0.0132552,0.0139152,
0.0138877,-0.013278,0.00106872,-0.0010218,-0.0132796,0.0138894,
0.0139027,-0.0132622,0.00106987,-0.00102058,-0.0132639,0.0139044,
0.0138818,-0.0132076,0.00106826,-0.00101638,-0.0132093,0.0138835,
0.0139009,-0.0132217,0.00106973,-0.00101746,-0.0132233,0.0139025,
0.0189574,-0.0132991,0.00145884,-0.00102342,-0.0133019,0.0189602,
0.140205,-0.015071,0.0107881,-0.00115965,-0.015222,0.140685,
0.266042,-0.0160693,0.0204644,-0.00123608,-0.0166708,0.26932,
0.338729,-0.0159542,0.026049,-0.00122691,-0.0169574,0.345611,
0.376156,-0.0151527,0.0289234,-0.00116512,-0.0163545,0.385691,
0.389135,-0.0145216,0.0299211,-0.00111659,-0.0157648,0.399737,
0.383529,-0.0140314,0.0294927,-0.00107899,-0.0151938,0.393655,
0.362067,-0.0139838,0.0278472,-0.00107552,-0.0150022,0.370522,
0.299839,-0.0141492,0.0230699,-0.00108865,-0.0148321,0.304555,
0.147807,-0.0133356,0.0113793,-0.00102668,-0.0134842,0.148364,
-0.151585,-0.010553,-0.0116723,-0.000812603,-0.0106766,-0.15218,
-0.367628,-0.00919156,-0.0282841,-0.000707169,-0.00988385,-0.376474,
-0.488003,-0.00909892,-0.0375063,-0.000699313,-0.0104247,-0.509823,
-0.543577,-0.0101071,-0.0417425,-0.000776149,-0.0120418,-0.574726,
-0.542577,-0.0104699,-0.0416472,-0.000803649,-0.0124644,-0.573538,
-0.512195,-0.0096284,-0.0393081,-0.000738927,-0.0112108,-0.537766,
-0.477117,-0.00879767,-0.0366148,-0.000675149,-0.0100107,-0.497393,
-0.443741,-0.010679,-0.0340566,-0.000819599,-0.0119167,-0.459797,
-0.416983,-0.0135669,-0.0320092,-0.00104145,-0.0149271,-0.430165,
-0.407994,-0.0145275,-0.0313272,-0.00111547,-0.0159128,-0.420303,
-0.421952,-0.0143337,-0.0324076,-0.00110089,-0.0158108,-0.435645,
-0.447064,-0.0167813,-0.0343459,-0.00128923,-0.0187616,-0.46355,
-0.46225,-0.0203574,-0.0355249,-0.00156451,-0.0229594,-0.480639,
-0.455476,-0.0205767,-0.03502,-0.00158207,-0.0231155,-0.473015,
-0.429214,-0.0189587,-0.0330175,-0.00145841,-0.0209921,-0.443707,
-0.386416,-0.0205093,-0.0297406,-0.0015785,-0.0222383,-0.396831,
-0.336641,-0.0262782,-0.0259215,-0.00202343,-0.0279106,-0.343471,
-0.283517,-0.0322445,-0.0218392,-0.00248378,-0.0336305,-0.287613,
-0.210087,-0.0352212,-0.0161879,-0.00271391,-0.036033,-0.211797,
-0.127709,-0.0342065,-0.00984216,-0.00263619,-0.0344957,-0.128134,
-0.0503792,-0.0304148,-0.00388269,-0.00234404,-0.0304582,-0.0504239,
0.0146681,-0.025705,0.00113036,-0.0019809,-0.0257106,0.0146735,
0.0675614,-0.0212388,0.00520568,-0.00163647,-0.021289,0.0676281,
0.107962,-0.0175007,0.00831705,-0.0013482,-0.0176045,0.108189,
0.137208,-0.0144502,0.0105682,-0.001113,-0.0145887,0.137657,
0.157081,-0.0117482,0.0120969,-0.000904743,-0.0118962,0.157745,
0.169274,-0.00921532,0.0130343,-0.000709593,-0.00935039,0.1701,
0.175186,-0.00666311,0.0134884,-0.000513027,-0.00676783,0.176098,
0.176193,-0.00407011,0.0135654,-0.000313365,-0.00413481,0.177119,
0.173338,-0.00146539,0.0133455,-0.000112822,-0.00148792,0.174218,
0.167296,0.00102922,0.0128806,7.92426e-05,0.00104393,0.168086,
0.158736,0.00312979,0.0122221,0.000240982,0.00316998,0.159411,
0.148093,0.00479695,0.0114032,0.000369369,0.00485046,0.148641,
0.135793,0.00598803,0.0104568,0.000461113,0.00604405,0.136216,
0.12232,0.00669163,0.00941996,0.000515326,0.00674231,0.12263,
0.108092,0.00691411,0.0083247,0.000532489,0.00695491,0.108306,
0.0937422,0.00676107,0.00721987,0.000520727,0.00679103,0.0938821,
0.0796054,0.00626709,0.00613127,0.000482696,0.00628708,0.0796913,
0.0659161,0.00561898,0.00507698,0.000432785,0.00563126,0.065965,
0.0530128,0.00475147,0.00408315,0.000365967,0.00475818,0.0530383,
0.0409175,0.00369032,0.0031515,0.000284231,0.00369342,0.0409292,
0.0299528,0.00247113,0.00230694,0.000190324,0.00247224,0.0299574,
0.0201961,0.00122325,0.00155543,9.42107e-05,0.0012235,0.0201975,
0.0116892,1.32889e-05,0.000900228,1.02343e-06,1.32898e-05,0.0116895,
0.0045438,-0.00115818,0.000349919,-8.91918e-05,-0.0011582,0.00454382,
-0.00134213,-0.00222483,-0.000103353,-0.000171326,-0.00222484,-0.00134213,
-0.00590611,-0.00326264,-0.000454787,-0.000251233,-0.00326271,-0.00590617,
-0.00920163,-0.00428292,-0.000708519,-0.000329782,-0.00428312,-0.00920185,
-0.0114658,-0.00515091,-0.000882815,-0.000396598,-0.00515127,-0.0114662,
-0.0126756,-0.00594875,-0.000975924,-0.000458009,-0.00594926,-0.0126761,
-0.0130126,-0.0066395,-0.00100184,-0.000511172,-0.00664011,-0.0130133,
-0.0126764,-0.00720242,-0.000975918,-0.000554491,-0.00720306,-0.0126771,
-0.0117819,-0.00764748,-0.000907015,-0.000588734,-0.00764808,-0.0117825,
-0.0104898,-0.00796374,-0.000807526,-0.000613062,-0.00796427,-0.0104904,
-0.00886162,-0.0081764,-0.000682162,-0.000629414,-0.00817682,-0.00886203,
-0.00684441,-0.00830698,-0.000526864,-0.000639448,-0.00830727,-0.0068447,
-0.00429047,-0.00824691,-0.000330259,-0.000634807,-0.00824708,-0.00429063,
-0.00109494,-0.0075096,-8.4281e-05,-0.000578038,-0.00750968,-0.00109497,
0.00222392,-0.00587188,0.000171177,-0.000451965,-0.00587192,0.00222396,
0.00542281,-0.00307465,0.000417389,-0.000236653,-0.0030747,0.00542287,
0.00852277,0.000797807,0.000655968,6.14045e-05,0.000797836,0.00852287,
0.0107296,0.00536367,0.000825795,0.00041281,0.00536401,0.01073,
0.012143,0.00997339,0.000934551,0.000767573,0.00997429,0.0121439,
0.0135491,0.0142358,0.00104275,0.0010956,0.0142376,0.0135508,
0.0154973,0.0178003,0.00119268,0.00136992,0.0178034,0.0155004,
0.0187323,0.0208619,0.00144165,0.00160554,0.020867,0.0187374,
0.0236913,0.0237158,0.00182331,0.00182519,0.0237247,0.0237002,
0.0295148,0.0261544,0.00227151,0.00201289,0.0261688,0.0295292,
0.0348361,0.0277441,0.00268106,0.00213525,0.0277645,0.0348566,
0.0392022,0.0284447,0.00301711,0.00218919,0.0284705,0.0392281,
0.0426744,0.0282504,0.00328437,0.00217425,0.0282799,0.0427044,
0.0454623,0.0273707,0.00349896,0.00210656,0.0274025,0.045495,
0.0478253,0.0259847,0.00368086,0.0019999,0.0260174,0.0478597,
0.0502719,0.0242057,0.00386918,0.001863,0.0242387,0.0503078,
0.052842,0.0221633,0.00406702,0.00170581,0.0221962,0.0528796,
0.0558258,0.0199464,0.00429669,0.0015352,0.0199789,0.055866,
0.0593186,0.0176348,0.00456554,0.00135729,0.0176668,0.0593627,
0.0630762,0.0151273,0.00485476,0.0011643,0.015158,0.0631253,
0.0673167,0.0124065,0.00518115,0.000954892,0.0124351,0.0673728,
0.0718536,0.0095679,0.00553037,0.000736414,0.00959284,0.0719189,
0.0765381,0.00657608,0.00589093,0.000506143,0.00659547,0.0766147,
0.0816214,0.00337411,0.0062822,0.000259697,0.00338541,0.0817128,
0.0809143,-0.000271092,0.00622781,-2.08654e-05,-0.000271984,0.0810029,
0.0742234,-0.00410752,0.00571286,-0.000316149,-0.00411889,0.0742923,
0.0668232,-0.00761354,0.00514328,-0.000586003,-0.00763067,0.066875,
0.0718569,-0.0112453,0.0055307,-0.00086553,-0.0112747,0.0719235,
0.0785815,-0.0138924,0.00604826,-0.00106927,-0.0139359,0.0786702,
0.0786779,-0.0128565,0.00605567,-0.000989539,-0.0128969,0.0787658,
0.076658,-0.00747158,0.00590018,-0.000575069,-0.0074937,0.0767354,
0.0817342,0.00200477,0.00629082,0.000154301,0.0020115,0.0818256,
0.0857726,0.0144044,0.00660155,0.00110864,0.0144581,0.085887,
0.0826672,0.0296275,0.00636245,0.00228027,0.0297336,0.0827981,
0.0766404,0.0453855,0.00589854,0.00349304,0.0455351,0.076795,
0.0824504,0.0632312,0.00634566,0.00486649,0.0634899,0.08271,
0.0901195,0.0790103,0.0069359,0.0060809,0.0794166,0.0905257,
0.0897045,0.0875325,0.00690402,0.00673685,0.0880003,0.0901723,
0.0863137,0.0917714,0.00664313,0.00706318,0.092246,0.0867884,
0.119376,0.114594,0.0091877,0.00881965,0.115677,0.120459,
0.152811,0.143469,0.0117607,0.0110417,0.145689,0.155029,
0.155088,0.149893,0.0119363,0.0115365,0.152317,0.15751,
0.143181,0.142597,0.0110206,0.0109756,0.144585,0.145169,
0.160684,0.152794,0.0123679,0.0117606,0.155431,0.163318,
0.178603,0.17078,0.0137471,0.0131451,0.174455,0.182273,
0.171951,0.169609,0.0132359,0.0130557,0.173036,0.175376,
0.15505,0.158424,0.0119358,0.0121955,0.161058,0.157686,
0.168419,0.171553,0.0129651,0.0132064,0.17493,0.171797,
0.182919,0.194969,0.0140813,0.015009,0.199639,0.187597,
0.174225,0.195624,0.0134128,0.0150602,0.199993,0.178606,
0.156021,0.18426,0.0120121,0.0141861,0.187643,0.159414,
0.17029,0.204578,0.0131106,0.0157504,0.209132,0.17486,
0.186476,0.239283,0.0143564,0.0184219,0.246029,0.193256,
0.173033,0.246782,0.0133221,0.0190002,0.25326,0.179518,
0.142227,0.24223,0.0109509,0.0186508,0.247228,0.147123,
0.121891,0.266242,0.00938506,0.0204994,0.271568,0.126795,
0.0926427,0.303392,0.00713283,0.0233591,0.309626,0.0973791,
0.0302678,0.314756,0.00233038,0.0242337,0.320351,0.031894,
-0.0534905,0.304348,-0.0041182,0.0234316,0.309712,-0.056184,
-0.143897,0.298586,-0.0110776,0.022986,0.306503,-0.151352,
-0.225665,0.286405,-0.0173702,0.0220456,0.298397,-0.237765,
-0.293227,0.238118,-0.022568,0.0183266,0.251716,-0.306696,
-0.339588,0.165201,-0.0261334,0.0127132,0.176554,-0.351513,
-0.384777,0.098923,-0.0296072,0.00761176,0.107381,-0.397022,
-0.395626,0.0357506,-0.030438,0.00275052,0.0389363,-0.407025,
-0.355505,-0.0472767,-0.0273499,-0.00363711,-0.0506026,-0.36388,
-0.27795,-0.136049,-0.0213834,-0.0104666,-0.142108,-0.284376,
-0.21509,-0.228445,-0.016548,-0.0175754,-0.236107,-0.22277,
-0.135954,-0.30546,-0.0104603,-0.023502,-0.313429,-0.143268,
-0.0281791,-0.3532,-0.00216829,-0.0271777,-0.361139,-0.0301249,
0.0756958,-0.374093,0.00582508,-0.0287879,-0.38458,0.0817132,
0.153435,-0.424962,0.0118078,-0.0327038,-0.444553,0.170324,
0.200609,-0.483825,0.0154371,-0.0372309,-0.516528,0.23128,
0.230338,-0.484673,0.0177252,-0.037297,-0.521366,0.266478,
0.248177,-0.453181,0.0191002,-0.0348777,-0.48682,0.282135,
0.328281,-0.461266,0.0252642,-0.0354986,-0.510174,0.379002,
0.440096,-0.553382,0.0338488,-0.0425619,-0.663999,0.556682,
0.463808,-0.576634,0.0356668,-0.0443431,-0.708737,0.603702,
0.452231,-0.543712,0.0347873,-0.0418243,-0.655569,0.569057,
0.467696,-0.481291,0.0359864,-0.0370325,-0.575811,0.562802,
0.488851,-0.41798,0.0376199,-0.032166,-0.499667,0.568196,
0.481948,-0.365587,0.037095,-0.0281388,-0.430408,0.544267,
0.463808,-0.320764,0.0357041,-0.0246925,-0.37048,0.511727,
0.468012,-0.284481,0.0360293,-0.0219003,-0.327748,0.510007,
0.471807,-0.256214,0.0363228,-0.019725,-0.294844,0.509912,
0.455886,-0.229634,0.0351003,-0.0176804,-0.260957,0.487482,
0.431291,-0.201775,0.0332098,-0.0155368,-0.225552,0.455986,
0.422626,-0.178708,0.0325433,-0.013761,-0.198484,0.443984,
0.413113,-0.159708,0.0318113,-0.0122981,-0.176284,0.431777,
0.389465,-0.136834,0.0299913,-0.0105371,-0.149117,0.404069,
0.360738,-0.111146,0.0277796,-0.00855906,-0.119453,0.371472,
0.345928,-0.0878997,0.0266381,-0.00676869,-0.0938212,0.354661,
0.331794,-0.0683198,0.0255485,-0.0052607,-0.0724859,0.339029,
0.300645,-0.0461944,0.0231492,-0.0035569,-0.0484541,0.305705,
0.237869,-0.0128898,0.0183147,-0.000992448,-0.0132711,0.240192,
0.191273,0.0215888,0.0147251,0.001662,0.0219967,0.192505,
0.148115,0.0512106,0.0114004,0.00394169,0.0518049,0.148859,
0.0921831,0.0787955,0.00709374,0.00606352,0.0792152,0.0926029,
0.0381493,0.101897,0.00293493,0.00783923,0.102149,0.0383583,
0.0268392,0.118559,0.0020644,0.00911928,0.118882,0.0270331,
0.0222811,0.127097,0.00171356,0.00977457,0.127473,0.0224651,
-0.00413632,0.129662,-0.000318075,0.00997072,0.130029,-0.00417155,
-0.0365231,0.128728,-0.00280835,0.00989818,0.129173,-0.0368379,
-0.034963,0.130852,-0.00268844,0.0100617,0.13131,-0.0352736,
-0.0281244,0.131757,-0.00216276,0.010132,0.132193,-0.0283756,
-0.0416858,0.125044,-0.00320592,0.00961674,0.125482,-0.0420279,
-0.0612385,0.114402,-0.00471022,0.00879935,0.11487,-0.0616824,
-0.057982,0.112796,-0.00446046,0.00867718,0.113228,-0.0583876,
-0.050085,0.11395,-0.00385364,0.00876752,0.114342,-0.0504348,
-0.0546909,0.104735,-0.00420877,0.00805992,0.105085,-0.0550211,
-0.0630409,0.0901909,-0.00485219,0.0069419,0.0904942,-0.0633412,
-0.0580975,0.0877602,-0.00447248,0.00675598,0.0880223,-0.0583557,
-0.0496568,0.0911729,-0.00382332,0.00701985,0.0914128,-0.0498852,
-0.0483242,0.082582,-0.00372128,0.00635935,0.082773,-0.0485089,
-0.0493744,0.0677166,-0.00380266,0.00521532,0.0678513,-0.0495082,
-0.0454038,0.0665244,-0.00349727,0.0051241,0.0666424,-0.0455203,
-0.0397086,0.0719125,-0.0030589,0.00553968,0.0720315,-0.0398222,
-0.0363234,0.0649087,-0.00279837,0.00500058,0.0649973,-0.0364082,
-0.0340019,0.0513255,-0.0026197,0.00395441,0.0513778,-0.0340533,
-0.0331041,0.0518084,-0.00255067,0.00399183,0.0518601,-0.0331547,
-0.031357,0.0590853,-0.00241615,0.00455271,0.0591489,-0.0314171,
-0.0279349,0.0538487,-0.00215254,0.00414935,0.0538958,-0.0279791,
-0.0229405,0.0393235,-0.00176774,0.00303017,0.039344,-0.0229603,
-0.0221252,0.03322,-0.00170496,0.00255992,0.0332342,-0.0221392,
-0.021032,0.0344065,-0.00162085,0.00265158,0.0344209,-0.021046,
-0.0170793,0.0279217,-0.00131652,0.00215227,0.0279294,-0.0170868,
-0.0133107,0.0190721,-0.00102645,0.00147074,0.0190749,-0.0133135,
-0.020856,0.0265109,-0.00160945,0.00204583,0.0265197,-0.0208649,
-0.0287351,0.0421162,-0.00221991,0.00325365,0.0421461,-0.0287646,
-0.0285126,0.0449341,-0.00220616,0.00347677,0.0449676,-0.0285453,
-0.0252547,0.0401437,-0.00195823,0.00311271,0.0401673,-0.0252778,
-0.0333422,0.0459627,-0.00259252,0.00357382,0.0460045,-0.0333837,
-0.041786,0.0577447,-0.00326051,0.00450574,0.0578274,-0.0418681,
-0.0406574,0.0574614,-0.00318626,0.00450316,0.0575407,-0.0407359,
-0.0360042,0.0503931,-0.00283634,0.00396986,0.0504472,-0.0360579,
-0.0431402,0.0521666,-0.00341906,0.00413444,0.052239,-0.0432124,
-0.059523,0.0657826,-0.00475055,0.00525013,0.0659472,-0.0596877,
-0.0717796,0.0774041,-0.00577423,0.00622669,0.0776824,-0.0720579,
-0.0774819,0.0820369,-0.00628826,0.00665794,0.0823774,-0.0778224,
-0.07817,0.0798799,-0.00640607,0.00654619,0.0802111,-0.0785012,
-0.0752275,0.0721785,-0.00623023,0.00597772,0.072447,-0.0754959,
-0.0698732,0.06072,-0.00585245,0.0050858,0.0609065,-0.0700596,
-0.0632274,0.0472622,-0.00535945,0.00400617,0.0473747,-0.0633404,
-0.0562945,0.0336614,-0.00483191,0.00288925,0.0337213,-0.0563563,
-0.0500526,0.0209326,-0.00435239,0.00182023,0.0209604,-0.0500845,
-0.0446321,0.00952055,-0.00393344,0.000839049,0.00953019,-0.0446489,
-0.0400555,-0.000537758,-0.00357886,-4.80475e-05,-0.00053819,-0.0400662,
-0.0361287,-0.00931283,-0.00327331,-0.000843756,-0.00931905,-0.0361382,
-0.0324725,-0.016969,-0.00298378,-0.00155922,-0.0169788,-0.0324829,
-0.0291325,-0.023705,-0.00271517,-0.00220932,-0.0237172,-0.0291448,
-0.0257237,-0.0296266,-0.00243205,-0.00280105,-0.0296408,-0.0257378,
-0.0222879,-0.0348275,-0.00213778,-0.00334053,-0.0348432,-0.0223033,
-0.0187731,-0.0393576,-0.00182681,-0.00382987,-0.0393747,-0.0187888,
-0.0151204,-0.043089,-0.00149262,-0.00425356,-0.0431072,-0.015135,
-0.011487,-0.0459728,-0.00115014,-0.00460303,-0.0459921,-0.0114995,
-0.00788665,-0.0479723,-0.000800589,-0.00486976,-0.0479922,-0.00789582,
-0.00427415,-0.049289,-0.000439772,-0.0050714,-0.0493095,-0.00427936,
-0.000735161,-0.0499846,-7.66287e-05,-0.00521009,-0.0500055,-0.000736082,
0.00271033,-0.0500522,0.000286006,-0.00528172,-0.0500733,0.00271374,
0.00617543,-0.049467,0.000659198,-0.00528037,-0.0494882,0.00618304,
0.00960925,-0.048428,0.00103664,-0.00522436,-0.0484491,0.00962068,
0.0129065,-0.0469601,0.00140571,-0.00511464,-0.0469813,0.0129211,
0.0160038,-0.0453461,0.00175806,-0.00498138,-0.0453674,0.016021,
0.0192534,-0.0434183,0.0021313,-0.00480629,-0.04344,0.0192728,
0.0230277,-0.0409066,0.00256662,-0.00455938,-0.0409289,0.023049,
0.0259965,-0.0381869,0.0029154,-0.00428251,-0.0382091,0.0260184,
0.0285828,-0.0356861,0.00322336,-0.00402441,-0.0357083,0.0286049,
0.0312648,-0.0338385,0.00354393,-0.00383566,-0.0338615,0.0312879,
0.0338289,-0.032286,0.00385307,-0.00367733,-0.0323101,0.033853,
0.0360247,-0.0307181,0.00412224,-0.00351501,-0.0307429,0.0360496,
0.0378085,-0.0290325,0.00434626,-0.00333742,-0.0290574,0.0378335,
0.0391378,-0.0271754,0.00451998,-0.00313846,-0.0271996,0.0391622,
0.039963,-0.0251727,0.00463713,-0.00292094,-0.0251955,0.0399863,
0.0404967,-0.0231649,0.00472179,-0.00270096,-0.023186,0.0405186,
0.0405743,-0.021165,0.00475427,-0.00248,-0.0211841,0.0405946,
0.0402719,-0.0193624,0.00474272,-0.00228025,-0.0193793,0.0402904,
0.0397666,-0.0177921,0.00470742,-0.00210615,-0.0178071,0.0397834,
0.0390019,-0.0163648,0.00464121,-0.00194741,-0.016378,0.039017,
0.0380988,-0.0151045,0.00455804,-0.00180706,-0.015116,0.0381124,
0.0370972,-0.0139284,0.00446235,-0.00167542,-0.0139384,0.0371093,
0.0360294,-0.0128615,0.00435781,-0.00155561,-0.0128702,0.0360402,
0.0349125,-0.0120206,0.00424605,-0.00146195,-0.0120283,0.0349221,
0.0336308,-0.0112966,0.00411324,-0.00138164,-0.0113032,0.0336393,
0.0322413,-0.0107077,0.00396575,-0.00131707,-0.0107135,0.0322488,
0.0309145,-0.0102531,0.00382438,-0.00126839,-0.0102582,0.030921,
0.0295132,-0.0099276,0.00367218,-0.00123524,-0.00993209,0.029519,
0.0281875,-0.00976805,0.00352769,-0.00122248,-0.00977209,0.0281925,
0.0269499,-0.00975637,0.00339263,-0.0012282,-0.00976007,0.0269544,
0.0257486,-0.00978911,0.0032606,-0.00123962,-0.00979251,0.0257527,
0.0246447,-0.00987301,0.00313943,-0.0012577,-0.00987617,0.0246484,
0.023562,-0.0100469,0.00301954,-0.00128754,-0.0100499,0.0235654,
0.0226702,-0.0103429,0.00292281,-0.00133349,-0.0103458,0.0226733,
0.0218192,-0.0107972,0.00283023,-0.00140053,-0.0107999,0.0218222,
0.021019,-0.0112196,0.00274315,-0.00146425,-0.0112223,0.0210219,
0.0203118,-0.0117438,0.00266722,-0.00154212,-0.0117465,0.0203146,
0.0196858,-0.0123325,0.00260109,-0.00162949,-0.0123352,0.0196886,
0.0191773,-0.0129646,0.00254976,-0.00172373,-0.0129673,0.0191801,
0.018785,-0.0136528,0.00251334,-0.00182668,-0.0136557,0.0187879,
0.0183874,-0.0142612,0.00247575,-0.00192018,-0.0142641,0.0183903,
0.0181555,-0.0149226,0.00246014,-0.00202206,-0.0149256,0.0181585,
0.0178677,-0.015597,0.00243671,-0.00212704,-0.0156002,0.0178708,
0.0176736,-0.0162528,0.00242584,-0.00223082,-0.016256,0.0176769,
0.017587,-0.0169702,0.00242969,-0.00234448,-0.0169737,0.0175905,
0.0175056,-0.0175808,0.00243431,-0.00244478,-0.0175844,0.0175092,
0.0175296,-0.0181806,0.00245377,-0.00254489,-0.0181844,0.0175334,
0.0175679,-0.0187727,0.0024755,-0.00264526,-0.0187767,0.0175719,
0.0176397,-0.0192821,0.0025023,-0.00273528,-0.0192863,0.0176439,
0.0177338,-0.0198299,0.00253247,-0.0028318,-0.0198343,0.0177382,
0.0179031,-0.0203343,0.00257404,-0.00292359,-0.0203389,0.0179077,
0.0181727,-0.0208101,0.00263071,-0.00301251,-0.0208151,0.0181776,
0.0184203,-0.0211889,0.00268496,-0.00308853,-0.0211941,0.0184255,
0.0187131,-0.0215386,0.00274662,-0.00316133,-0.0215441,0.0187186,
0.0190539,-0.0218358,0.00281624,-0.00322741,-0.0218415,0.0190596,
0.0193618,-0.0221628,0.00288195,-0.00329886,-0.0221688,0.0193678,
0.0196253,-0.0224561,0.00294193,-0.00336629,-0.0224624,0.0196315,
0.0200159,-0.022734,0.00302199,-0.00343236,-0.0227405,0.0200224,
0.0204014,-0.0229181,0.00310242,-0.00348514,-0.0229249,0.0204082,
0.020628,-0.0230918,0.00315968,-0.00353707,-0.0230987,0.0206349,
0.0209849,-0.0232726,0.0032379,-0.00359089,-0.0232799,0.0209921,
0.021278,-0.0234289,0.00330737,-0.00364168,-0.0234363,0.0212855,
0.0216641,-0.0235623,0.00339243,-0.00368967,-0.02357,0.0216719,
0.022085,-0.0237141,0.00348425,-0.00374127,-0.0237221,0.022093,
0.0224072,-0.0237657,0.00356179,-0.00377774,-0.0237739,0.0224154,
0.0226745,-0.0238228,0.00363174,-0.00381564,-0.0238311,0.0226829,
0.0229453,-0.0237873,0.00370332,-0.00383922,-0.0237959,0.0229538,
0.0231998,-0.0237336,0.00377337,-0.00386019,-0.0237422,0.0232084,
0.0234194,-0.0236935,0.0038388,-0.00388373,-0.0237022,0.0234281,
0.0236148,-0.0236019,0.00390128,-0.00389916,-0.0236107,0.0236236,
0.0238516,-0.0234842,0.00397166,-0.00391048,-0.023493,0.0238604,
0.0240273,-0.0233678,0.00403291,-0.00392222,-0.0233767,0.0240362,
0.0242485,-0.023328,0.00410286,-0.00394711,-0.023337,0.0242575,
0.0244894,-0.0233001,0.00417732,-0.00397444,-0.0233092,0.0244985,
0.0246286,-0.0232088,0.00423551,-0.00399135,-0.023218,0.0246377,
0.0248103,-0.0231204,0.00430171,-0.00400871,-0.0231296,0.0248195,
0.0249777,-0.0230556,0.00436687,-0.00403083,-0.0230648,0.0249869,
0.0251399,-0.0229882,0.00443224,-0.00405288,-0.0229975,0.0251492,
0.0252317,-0.0228826,0.00448621,-0.00406854,-0.0228919,0.025241,
0.0253467,-0.022829,0.00454527,-0.00409378,-0.0228383,0.025356,
0.0254097,-0.0227946,0.00459597,-0.00412298,-0.022804,0.025419,
0.0254506,-0.0228173,0.00464353,-0.00416308,-0.0228267,0.02546,
0.0254916,-0.0228718,0.00469195,-0.00420977,-0.0228813,0.025501,
0.0254586,-0.0228132,0.00472752,-0.00423627,-0.0228225,0.025468,
0.0254784,-0.0228363,0.00477362,-0.00427859,-0.0228457,0.0254878,
0.0254316,-0.0228383,0.00480796,-0.00431768,-0.0228477,0.025441,
0.0254204,-0.0229022,0.00484972,-0.0043693,-0.0229116,0.0254298,
0.0254258,-0.0229886,0.00489546,-0.0044262,-0.022998,0.0254353,
0.0254082,-0.0230628,0.00493759,-0.00448181,-0.0230723,0.0254177,
0.0253993,-0.0231759,0.00498221,-0.00454607,-0.0231854,0.0254089,
0.025376,-0.0233024,0.00502485,-0.00461424,-0.023312,0.0253856,
0.0254229,-0.0234341,0.00508234,-0.00468475,-0.0234438,0.0254326,
0.0254595,-0.0235401,0.00513888,-0.00475146,-0.0235499,0.0254694,
0.0254818,-0.0236552,0.0051936,-0.00482131,-0.0236651,0.0254917,
0.0255421,-0.0237993,0.00525724,-0.00489852,-0.0238093,0.0255521,
0.0255504,-0.0238998,0.00531133,-0.00496821,-0.0239098,0.0255604,
0.025616,-0.0240091,0.00537857,-0.00504117,-0.0240193,0.0256262,
0.0257189,-0.024143,0.00545507,-0.00512082,-0.0241534,0.0257292,
0.025739,-0.0242712,0.0055154,-0.00520088,-0.0242816,0.0257494,
0.0258372,-0.0244207,0.00559391,-0.00528723,-0.0244313,0.0258478,
0.0258884,-0.0246842,0.00566381,-0.00540034,-0.024695,0.0258992,
0.0260103,-0.0248776,0.00575022,-0.0054998,-0.0248886,0.0260213,
0.0261889,-0.0251083,0.00585176,-0.00561031,-0.0251196,0.0262002,
0.0263353,-0.0253402,0.00594824,-0.00572349,-0.0253517,0.0263468,
0.0264059,-0.0254626,0.00602956,-0.00581416,-0.0254742,0.0264176,
0.0265314,-0.0256273,0.00612535,-0.00591661,-0.0256391,0.0265432,
0.0266922,-0.025822,0.00623155,-0.0060284,-0.0258341,0.0267043,
0.0268343,-0.0260542,0.00633573,-0.00615155,-0.0260665,0.0268466,
0.0269969,-0.0263162,0.00644726,-0.0062847,-0.0263289,0.0270096,
0.0271133,-0.0264819,0.00655021,-0.00639767,-0.0264948,0.0271262,
0.0272833,-0.0266895,0.00666869,-0.00652354,-0.0267026,0.0272964,
0.0274576,-0.0268672,0.00679104,-0.00664503,-0.0268806,0.0274709,
0.0275968,-0.0269664,0.00690759,-0.0067498,-0.02698,0.0276104,
0.0277798,-0.0270822,0.00703805,-0.00686131,-0.027096,0.0277935,
0.0279131,-0.0272207,0.007159,-0.0069814,-0.0272346,0.0279271,
0.0281236,-0.0273997,0.00730298,-0.00711501,-0.027414,0.0281379,
0.0283246,-0.0276057,0.00744812,-0.00725908,-0.0276202,0.0283392,
0.0285065,-0.0277547,0.0075919,-0.00739167,-0.0277695,0.0285214,
0.0287661,-0.0279017,0.00776035,-0.00752715,-0.0279169,0.0287813,
0.0289753,-0.0280283,0.00791945,-0.00766061,-0.0280438,0.0289908,
0.0292229,-0.0282397,0.00809344,-0.00782112,-0.0282555,0.0292387,
0.0294785,-0.0284454,0.00827434,-0.00798436,-0.0284616,0.0294947,
0.0297545,-0.0286198,0.00846602,-0.00814317,-0.0286364,0.0297711,
0.0300669,-0.028847,0.00867352,-0.0083216,-0.028864,0.030084,
0.0303269,-0.0290302,0.00887153,-0.00849219,-0.0290476,0.0303444,
0.030644,-0.0292345,0.00909212,-0.00867393,-0.0292524,0.0306619,
0.0309086,-0.0295006,0.00930331,-0.00887951,-0.029519,0.030927,
0.0312254,-0.0298041,0.00953521,-0.0091012,-0.0298231,0.0312443,
0.031557,-0.0301753,0.00978001,-0.00935178,-0.0301949,0.0315766,
0.0318572,-0.0305018,0.0100223,-0.00959591,-0.030522,0.0318774,
0.0321354,-0.0308051,0.0102651,-0.00984014,-0.0308259,0.0321562,
0.0324164,-0.031075,0.0105163,-0.0100811,-0.0310963,0.0324378,
0.0326409,-0.0313265,0.0107569,-0.0103237,-0.0313484,0.0326628,
0.0328289,-0.0315784,0.0109929,-0.0105742,-0.0316007,0.0328512,
0.0331169,-0.0319101,0.0112707,-0.01086,-0.031933,0.0331399,
