-3.87254e-05,-3.75319e-05,-6.60101e-07,-6.39757e-07
-3.94154e-05,-3.88178e-05,-6.71864e-07,-6.61677e-07
-4.01682e-05,-4.00382e-05,-6.84698e-07,-6.8248e-07
-4.09578e-05,-4.12513e-05,-6.98158e-07,-7.0316e-07
-4.17601e-05,-4.24725e-05,-7.11835e-07,-7.23978e-07
-4.2557e-05,-4.36973e-05,-7.2542e-07,-7.44857e-07
-4.3359e-05,-4.49523e-05,-7.39091e-07,-7.6625e-07
-4.41553e-05,-4.62247e-05,-7.52667e-07,-7.87941e-07
-4.49452e-05,-4.75128e-05,-7.66132e-07,-8.09899e-07
-4.57285e-05,-4.88145e-05,-7.79485e-07,-8.32089e-07
-4.6498e-05,-5.01146e-05,-7.92603e-07,-8.54252e-07
-4.72621e-05,-5.14241e-05,-8.0563e-07,-8.76575e-07
-4.80292e-05,-5.27546e-05,-8.18707e-07,-8.99256e-07
-4.87922e-05,-5.40916e-05,-8.31714e-07,-9.22049e-07
-4.95517e-05,-5.5434e-05,-8.44663e-07,-9.44934e-07
-5.03084e-05,-5.67808e-05,-8.57562e-07,-9.67893e-07
-5.10551e-05,-5.81178e-05,-8.70293e-07,-9.90685e-07
-5.18066e-05,-5.94711e-05,-8.83105e-07,-1.01376e-06
-5.25551e-05,-6.08268e-05,-8.95866e-07,-1.03687e-06
-5.33011e-05,-6.21845e-05,-9.08584e-07,-1.06001e-06
-5.40384e-05,-6.35305e-05,-9.21153e-07,-1.08296e-06
-5.4775e-05,-6.48779e-05,-9.33712e-07,-1.10593e-06
-5.55116e-05,-6.62265e-05,-9.46269e-07,-1.12892e-06
-5.6248e-05,-6.75762e-05,-9.58824e-07,-1.15193e-06
-5.69844e-05,-6.89267e-05,-9.71379e-07,-1.17495e-06
-5.77282e-05,-7.02915e-05,-9.84059e-07,-1.19822e-06
-5.84718e-05,-7.16568e-05,-9.96738e-07,-1.22149e-06
-5.92155e-05,-7.30226e-05,-1.00942e-06,-1.24478e-06
-5.99591e-05,-7.43888e-05,-1.02209e-06,-1.26807e-06
-6.07026e-05,-7.57553e-05,-1.03477e-06,-1.29137e-06
-6.14386e-05,-7.71085e-05,-1.04732e-06,-1.31444e-06
-6.21819e-05,-7.84754e-05,-1.05999e-06,-1.33774e-06
-6.2925e-05,-7.98425e-05,-1.07266e-06,-1.36105e-06
-6.36607e-05,-8.11962e-05,-1.0852e-06,-1.38413e-06
-6.44036e-05,-8.25635e-05,-1.09787e-06,-1.40744e-06
-6.51465e-05,-8.3931e-05,-1.11054e-06,-1.43075e-06
-6.58894e-05,-8.52984e-05,-1.1232e-06,-1.45406e-06
-6.66322e-05,-8.66659e-05,-1.13587e-06,-1.47738e-06
-6.73749e-05,-8.80335e-05,-1.14853e-06,-1.50069e-06
-6.81176e-05,-8.94011e-05,-1.16119e-06,-1.52401e-06
-6.88603e-05,-9.07687e-05,-1.17385e-06,-1.54733e-06
-6.96029e-05,-9.21364e-05,-1.18652e-06,-1.57064e-06
-7.03455e-05,-9.35041e-05,-1.19918e-06,-1.59396e-06
-7.10881e-05,-9.48717e-05,-1.21184e-06,-1.61728e-06
-7.18307e-05,-9.62394e-05,-1.2245e-06,-1.6406e-06
-7.25732e-05,-9.76071e-05,-1.23716e-06,-1.66391e-06
-7.33084e-05,-9.89613e-05,-1.24969e-06,-1.687e-06
-7.40509e-05,-0.000100329,-1.26235e-06,-1.71032e-06
-7.4786e-05,-0.000101683,-1.27489e-06,-1.73341e-06
-7.55285e-05,-0.000103051,-1.28755e-06,-1.75673e-06
-7.6271e-05,-0.000104419,-1.30021e-06,-1.78005e-06
-7.70135e-05,-0.000105786,-1.31287e-06,-1.80336e-06
-7.77559e-05,-0.000107154,-1.32553e-06,-1.82668e-06
-7.84983e-05,-0.000108522,-1.33819e-06,-1.85e-06
-7.92407e-05,-0.000109889,-1.35084e-06,-1.87332e-06
-7.99831e-05,-0.000111257,-1.3635e-06,-1.89664e-06
-8.07255e-05,-0.000112625,-1.37616e-06,-1.91996e-06
-8.14606e-05,-0.000113979,-1.38869e-06,-1.94305e-06
-8.22029e-05,-0.000115347,-1.40135e-06,-1.96637e-06
-8.29379e-05,-0.000116701,-1.41388e-06,-1.98946e-06
-8.36803e-05,-0.000118068,-1.42654e-06,-2.01278e-06
-8.44226e-05,-0.000119436,-1.4392e-06,-2.0361e-06
-8.51649e-05,-0.000120804,-1.45186e-06,-2.05941e-06
-8.59072e-05,-0.000122172,-1.46451e-06,-2.08273e-06
-8.66495e-05,-0.000123539,-1.47717e-06,-2.10605e-06
-8.65397e-05,-0.000124758,-1.4753e-06,-2.12684e-06
-8.5176e-05,-0.000125762,-1.45206e-06,-2.14395e-06
-8.41899e-05,-0.000126823,-1.43525e-06,-2.16205e-06
-8.2792e-05,-0.000127805,-1.41142e-06,-2.17879e-06
-8.18327e-05,-0.000128875,-1.39507e-06,-2.19704e-06
-8.04374e-05,-0.000129857,-1.37129e-06,-2.21379e-06
-7.94755e-05,-0.000130927,-1.35489e-06,-2.23203e-06
-7.80875e-05,-0.000131922,-1.33123e-06,-2.24901e-06
-7.71256e-05,-0.000132992,-1.31484e-06,-2.26725e-06
-7.57376e-05,-0.000133988,-1.29118e-06,-2.28423e-06
-7.44321e-05,-0.000135009,-1.26893e-06,-2.30164e-06
-7.33876e-05,-0.000136053,-1.25112e-06,-2.31945e-06
-7.20165e-05,-0.000137043,-1.22775e-06,-2.33634e-06
-7.10303e-05,-0.000138105,-1.21094e-06,-2.35444e-06
-6.96422e-05,-0.0001391,-1.18728e-06,-2.37142e-06
-6.86803e-05,-0.00014017,-1.17088e-06,-2.38966e-06
-6.72922e-05,-0.000141166,-1.14722e-06,-2.40664e-06
-6.63302e-05,-0.000142235,-1.13082e-06,-2.42489e-06
-6.49422e-05,-0.000143231,-1.10716e-06,-2.44186e-06
-6.36367e-05,-0.000144252,-1.08491e-06,-2.45928e-06
-6.25921e-05,-0.000145296,-1.0671e-06,-2.47709e-06
-6.12282e-05,-0.0001463,-1.04385e-06,-2.49421e-06
-6.02346e-05,-0.000147348,-1.02692e-06,-2.51208e-06
-5.88465e-05,-0.000148344,-1.00325e-06,-2.52906e-06
-5.78845e-05,-0.000149414,-9.86855e-07,-2.5473e-06
-5.64964e-05,-0.000150409,-9.63191e-07,-2.56428e-06
-5.55343e-05,-0.000151479,-9.46792e-07,-2.58253e-06
-5.45185e-05,-0.000152308,-9.29476e-07,-2.59668e-06
-5.40672e-05,-0.000151784,-9.21784e-07,-2.58775e-06
-5.38578e-05,-0.000151109,-9.18217e-07,-2.57625e-06
-5.35855e-05,-0.000150586,-9.13578e-07,-2.56734e-06
-5.32083e-05,-0.000149925,-9.07149e-07,-2.55607e-06
-5.28804e-05,-0.000149349,-9.01562e-07,-2.54626e-06
-5.22598e-05,-0.000148596,-8.90984e-07,-2.53344e-06
-5.19269e-05,-0.000148086,-8.85312e-07,-2.52475e-06
-5.15524e-05,-0.000147425,-8.78931e-07,-2.51349e-06
-5.11816e-05,-0.000146768,-8.72612e-07,-2.50229e-06
-5.10849e-05,-0.000146167,-8.70966e-07,-2.49205e-06
-5.04965e-05,-0.000145575,-8.60937e-07,-2.48197e-06
-5.02354e-05,-0.000145042,-8.56488e-07,-2.4729e-06
-4.99189e-05,-0.000144456,-8.51094e-07,-2.46291e-06
-4.94675e-05,-0.000143772,-8.43401e-07,-2.45125e-06
-4.91976e-05,-0.000143233,-8.38802e-07,-2.44208e-06
-4.90486e-05,-0.000142563,-8.36264e-07,-2.43066e-06
-4.84754e-05,-0.000141962,-8.26495e-07,-2.42042e-06
-4.80491e-05,-0.000141302,-8.1923e-07,-2.40918e-06
-4.79523e-05,-0.000140717,-8.17582e-07,-2.3992e-06
-4.74107e-05,-0.000140108,-8.0835e-07,-2.38884e-06
-4.70868e-05,-0.00013956,-8.02829e-07,-2.3795e-06
-4.66855e-05,-0.000138855,-7.95991e-07,-2.36748e-06
-4.643e-05,-0.000138322,-7.91637e-07,-2.35841e-06
-4.63837e-05,-0.000137805,-7.9085e-07,-2.34961e-06
-4.56387e-05,-0.000137007,-7.7815e-07,-2.336e-06
-4.55323e-05,-0.000136416,-7.7634e-07,-2.32593e-06
-4.49884e-05,-0.000135823,-7.67067e-07,-2.31583e-06
-4.48841e-05,-0.000135201,-7.65292e-07,-2.30523e-06
-4.42765e-05,-0.000134549,-7.54934e-07,-2.29412e-06
-4.41511e-05,-0.000133967,-7.52799e-07,-2.28421e-06
-4.38286e-05,-0.000133375,-7.47303e-07,-2.27412e-06
-4.3274e-05,-0.000132779,-7.37849e-07,-2.26397e-06
-4.29223e-05,-0.000132163,-7.31855e-07,-2.25348e-06
-4.25427e-05,-0.000131503,-7.25384e-07,-2.24222e-06
-4.22853e-05,-0.000130985,-7.20999e-07,-2.2334e-06
-4.18663e-05,-0.00013031,-7.13857e-07,-2.22189e-06
-4.1809e-05,-0.000129787,-7.12882e-07,-2.21299e-06
-4.11209e-05,-0.000129042,-7.01151e-07,-2.2003e-06
-4.07823e-05,-0.000128445,-6.9538e-07,-2.19012e-06
-4.0742e-05,-0.000127928,-6.94696e-07,-2.18131e-06
-4.01445e-05,-0.000127252,-6.8451e-07,-2.16978e-06
-3.98298e-05,-0.000126717,-6.79147e-07,-2.16067e-06
-3.95685e-05,-0.000126186,-6.74693e-07,-2.15163e-06
-3.90928e-05,-0.000125442,-6.66584e-07,-2.13895e-06
-3.90392e-05,-0.000124904,-6.65671e-07,-2.12979e-06
-3.84783e-05,-0.000124295,-6.5611e-07,-2.1194e-06
-3.83295e-05,-0.000123689,-6.53575e-07,-2.10908e-06
-3.78198e-05,-0.000123141,-6.44885e-07,-2.09974e-06
-3.74296e-05,-0.000122474,-6.38234e-07,-2.08837e-06
-3.71366e-05,-0.000121926,-6.3324e-07,-2.07905e-06
-3.67688e-05,-0.000121319,-6.26971e-07,-2.0687e-06
-3.64537e-05,-0.000120712,-6.21599e-07,-2.05835e-06
-3.63752e-05,-0.00012018,-6.20262e-07,-2.04928e-06
-3.57655e-05,-0.000119513,-6.09869e-07,-2.03792e-06
-3.54801e-05,-0.000118988,-6.05003e-07,-2.02897e-06
-3.5107e-05,-0.000118327,-5.98644e-07,-2.01771e-06
-3.47172e-05,-0.00011766,-5.91999e-07,-2.00634e-06
-3.44285e-05,-0.000117135,-5.87078e-07,-1.99741e-06
-3.40779e-05,-0.000116535,-5.81102e-07,-1.98717e-06
-3.37172e-05,-0.000115862,-5.74953e-07,-1.97571e-06
-3.35896e-05,-0.000115281,-5.7278e-07,-1.9658e-06
-3.32574e-05,-0.00011467,-5.67116e-07,-1.95539e-06
-3.26207e-05,-0.00011401,-5.56261e-07,-1.94414e-06
-3.23611e-05,-0.000113478,-5.51835e-07,-1.93507e-06
-3.19915e-05,-0.000112817,-5.45535e-07,-1.92382e-06
-3.16093e-05,-0.000112143,-5.39019e-07,-1.91232e-06
-3.13295e-05,-0.000111617,-5.34249e-07,-1.90336e-06
-3.11841e-05,-0.000111019,-5.31772e-07,-1.89317e-06
-3.05789e-05,-0.000110353,-5.21453e-07,-1.88181e-06
-3.01858e-05,-0.000109686,-5.14752e-07,-1.87045e-06
-3.01239e-05,-0.000109151,-5.13697e-07,-1.86133e-06
-2.95725e-05,-0.000108555,-5.04297e-07,-1.85118e-06
-2.9245e-05,-0.000107868,-4.98713e-07,-1.83947e-06
-2.9089e-05,-0.000107329,-4.96055e-07,-1.83028e-06
-2.87655e-05,-0.000106738,-4.9054e-07,-1.8202e-06
-2.82427e-05,-0.000106193,-4.81625e-07,-1.81092e-06
-2.80668e-05,-0.000105527,-4.78629e-07,-1.79957e-06
-2.7476e-05,-0.000104881,-4.68555e-07,-1.78856e-06
-2.74147e-05,-0.000104346,-4.67511e-07,-1.77944e-06
-2.68403e-05,-0.00010366,-4.57716e-07,-1.76775e-06
-2.64626e-05,-0.000103056,-4.51277e-07,-1.75746e-06
-2.63292e-05,-0.000102456,-4.49004e-07,-1.74722e-06
-2.60077e-05,-0.00010188,-4.43522e-07,-1.73741e-06
-2.54305e-05,-0.000101266,-4.33681e-07,-1.72694e-06
-2.51035e-05,-0.000100589,-4.28106e-07,-1.71541e-06
-2.47237e-05,-9.9985e-05,-4.2163e-07,-1.70511e-06
-2.4389e-05,-9.9403e-05,-4.15924e-07,-1.69519e-06
-2.40434e-05,-9.88028e-05,-4.10032e-07,-1.68496e-06
-2.37138e-05,-9.8198e-05,-4.04412e-07,-1.67465e-06
-2.33693e-05,-9.75304e-05,-3.98538e-07,-1.66327e-06
-2.3054e-05,-9.69827e-05,-3.93163e-07,-1.65394e-06
-2.26847e-05,-9.63924e-05,-3.86866e-07,-1.64388e-06
-2.25424e-05,-9.57229e-05,-3.8444e-07,-1.63247e-06
-2.22225e-05,-9.51874e-05,-3.78986e-07,-1.62334e-06
-2.19054e-05,-9.45957e-05,-3.73579e-07,-1.61325e-06
-2.15836e-05,-9.40043e-05,-3.68092e-07,-1.60317e-06
-2.0987e-05,-9.33452e-05,-3.57919e-07,-1.59194e-06
-2.08284e-05,-9.26706e-05,-3.55215e-07,-1.58044e-06
-2.04564e-05,-9.20663e-05,-3.48872e-07,-1.57014e-06
-1.98324e-05,-9.14125e-05,-3.38231e-07,-1.55899e-06
-1.95213e-05,-9.08053e-05,-3.32927e-07,-1.54864e-06
-1.94913e-05,-9.02937e-05,-3.32416e-07,-1.53992e-06
-1.90211e-05,-8.95497e-05,-3.24399e-07,-1.52724e-06
-1.84755e-05,-8.89446e-05,-3.15094e-07,-1.51692e-06
-1.82238e-05,-8.84284e-05,-3.10802e-07,-1.50813e-06
-1.80936e-05,-8.78436e-05,-3.08583e-07,-1.49816e-06
-1.76722e-05,-8.71047e-05,-3.01397e-07,-1.48556e-06
-1.6999e-05,-8.63941e-05,-2.89917e-07,-1.47345e-06
-1.67235e-05,-8.58582e-05,-2.85219e-07,-1.46431e-06
-1.64306e-05,-8.53116e-05,-2.80225e-07,-1.45499e-06
-1.60153e-05,-8.46363e-05,-2.73144e-07,-1.44348e-06
-1.57595e-05,-8.41057e-05,-2.68781e-07,-1.43444e-06
-1.56973e-05,-8.35807e-05,-2.67721e-07,-1.42549e-06
-1.50305e-05,-8.28827e-05,-2.5635e-07,-1.41359e-06
-1.47161e-05,-8.2276e-05,-2.50988e-07,-1.40325e-06
-1.45901e-05,-8.16752e-05,-2.4884e-07,-1.393e-06
-1.40705e-05,-8.11306e-05,-2.39979e-07,-1.38372e-06
-1.36558e-05,-8.04553e-05,-2.32907e-07,-1.37221e-06
-1.35724e-05,-7.98697e-05,-2.31485e-07,-1.36222e-06
-1.32024e-05,-7.92662e-05,-2.25174e-07,-1.35193e-06
-1.27501e-05,-7.8739e-05,-2.17461e-07,-1.34295e-06
-1.23835e-05,-7.81193e-05,-2.1121e-07,-1.33238e-06
-1.22161e-05,-7.74416e-05,-2.08355e-07,-1.32083e-06
-1.15999e-05,-7.67843e-05,-1.97845e-07,-1.30962e-06
-1.12555e-05,-7.61895e-05,-1.91973e-07,-1.29948e-06
-1.08607e-05,-7.55357e-05,-1.8524e-07,-1.28833e-06
-1.05037e-05,-7.49223e-05,-1.79152e-07,-1.27788e-06
-1.05698e-05,-7.44896e-05,-1.8028e-07,-1.2705e-06
-9.85461e-06,-7.37368e-05,-1.68082e-07,-1.25766e-06
-9.58071e-06,-7.32009e-05,-1.6341e-07,-1.24853e-06
-9.18339e-06,-7.25295e-05,-1.56634e-07,-1.23708e-06
-9.10331e-06,-7.19493e-05,-1.55269e-07,-1.22719e-06
-8.74474e-06,-7.13079e-05,-1.49154e-07,-1.21625e-06
-8.1072e-06,-7.05626e-05,-1.3828e-07,-1.20355e-06
-7.89568e-06,-7.01533e-05,-1.34672e-07,-1.19657e-06
-7.44196e-06,-6.94308e-05,-1.26934e-07,-1.18425e-06
-7.14147e-06,-6.88149e-05,-1.21809e-07,-1.17375e-06
-7.00281e-06,-6.82174e-05,-1.19445e-07,-1.16356e-06
-6.34912e-06,-6.74972e-05,-1.08295e-07,-1.15128e-06
-6.07301e-06,-6.69772e-05,-1.03586e-07,-1.14241e-06
-5.89945e-06,-6.63079e-05,-1.00626e-07,-1.131e-06
-5.32948e-06,-6.57083e-05,-9.09043e-08,-1.12078e-06
-4.99603e-06,-6.51007e-05,-8.5217e-08,-1.11042e-06
-4.58064e-06,-6.44414e-05,-7.8132e-08,-1.09918e-06
-4.27044e-06,-6.38426e-05,-7.28411e-08,-1.08897e-06
-4.21423e-06,-6.33016e-05,-7.18826e-08,-1.07974e-06
-3.65476e-06,-6.2651e-05,-6.23399e-08,-1.06865e-06
-3.20461e-06,-6.19846e-05,-5.46618e-08,-1.05729e-06
-2.90758e-06,-6.14385e-05,-4.95954e-08,-1.04797e-06
-2.62438e-06,-6.08995e-05,-4.47649e-08,-1.03878e-06
-2.23547e-06,-6.01637e-05,-3.81313e-08,-1.02624e-06
-2.12964e-06,-5.96402e-05,-3.63262e-08,-1.01731e-06
-1.84668e-06,-5.91013e-05,-3.14997e-08,-1.00812e-06
-1.52209e-06,-5.84908e-05,-2.59632e-08,-9.9771e-07
-9.53191e-07,-5.78776e-05,-1.62592e-08,-9.87255e-07
-5.62002e-07,-5.71417e-05,-9.58646e-09,-9.74704e-07
-1.45048e-07,-5.65493e-05,-2.47419e-09,-9.64604e-07
1.72575e-07,-5.60021e-05,2.94375e-09,-9.55273e-07
4.55925e-07,-5.54041e-05,7.7771e-09,-9.45075e-07
7.58582e-07,-5.48703e-05,1.29398e-08,-9.35973e-07
9.40377e-07,-5.41874e-05,1.60409e-08,-9.24327e-07
1.50136e-06,-5.35879e-05,2.56102e-08,-9.14103e-07
1.63867e-06,-5.29904e-05,2.79525e-08,-9.03914e-07
2.1989e-06,-5.23743e-05,3.7509e-08,-8.93408e-07
2.27523e-06,-5.1774e-05,3.88114e-08,-8.8317e-07
2.88878e-06,-5.11607e-05,4.92775e-08,-8.72712e-07
2.91616e-06,-5.06448e-05,4.97448e-08,-8.63914e-07
3.44507e-06,-5.00965e-05,5.87672e-08,-8.54563e-07
3.60557e-06,-4.94312e-05,6.15052e-08,-8.43218e-07
3.87987e-06,-4.89058e-05,6.61847e-08,-8.34259e-07
4.5113e-06,-4.82169e-05,7.69561e-08,-8.22509e-07
4.9065e-06,-4.75328e-05,8.3698e-08,-8.10842e-07
5.2351e-06,-4.69951e-05,8.93037e-08,-8.01672e-07
5.59509e-06,-4.63193e-05,9.54449e-08,-7.90146e-07
5.91159e-06,-4.57946e-05,1.00844e-07,-7.81199e-07
6.22844e-06,-4.51749e-05,1.0625e-07,-7.70629e-07
6.30031e-06,-4.46594e-05,1.07476e-07,-7.61838e-07
6.90906e-06,-4.39749e-05,1.17861e-07,-7.50163e-07
6.98812e-06,-4.34459e-05,1.1921e-07,-7.41142e-07
7.51686e-06,-4.28386e-05,1.2823e-07,-7.30784e-07
7.8922e-06,-4.22317e-05,1.34634e-07,-7.20434e-07
8.29872e-06,-4.15571e-05,1.41569e-07,-7.08928e-07
8.61965e-06,-4.09626e-05,1.47044e-07,-6.98788e-07
8.96434e-06,-4.03334e-05,1.52925e-07,-6.88057e-07
9.30186e-06,-3.97487e-05,1.58683e-07,-6.78085e-07
9.60537e-06,-3.9201e-05,1.63862e-07,-6.68744e-07
9.71482e-06,-3.86044e-05,1.65729e-07,-6.58569e-07
1.02907e-05,-3.79279e-05,1.75554e-07,-6.4703e-07
1.06454e-05,-3.73819e-05,1.81606e-07,-6.37718e-07
1.10569e-05,-3.67228e-05,1.88626e-07,-6.26476e-07
1.1371e-05,-3.61183e-05,1.93985e-07,-6.16166e-07
1.16461e-05,-3.55928e-05,1.98679e-07,-6.07203e-07
1.20212e-05,-3.4927e-05,2.0508e-07,-5.95846e-07
1.23712e-05,-3.43293e-05,2.1105e-07,-5.85652e-07
1.27508e-05,-3.36287e-05,2.17528e-07,-5.73701e-07
1.28018e-05,-3.31038e-05,2.18397e-07,-5.64748e-07
1.35167e-05,-3.23532e-05,2.30595e-07,-5.51945e-07
1.38744e-05,-3.17127e-05,2.36698e-07,-5.4102e-07
1.3951e-05,-3.11335e-05,2.38005e-07,-5.31141e-07
1.42751e-05,-3.05395e-05,2.43536e-07,-5.21009e-07
1.46277e-05,-2.99338e-05,2.49552e-07,-5.10678e-07
1.52154e-05,-2.92753e-05,2.59579e-07,-4.99446e-07
1.55851e-05,-2.86163e-05,2.65887e-07,-4.88203e-07
1.57388e-05,-2.7994e-05,2.6851e-07,-4.77589e-07
1.62642e-05,-2.74026e-05,2.77475e-07,-4.67501e-07
1.65694e-05,-2.67958e-05,2.82683e-07,-4.5715e-07
1.69501e-05,-2.62052e-05,2.89178e-07,-4.47076e-07
1.72996e-05,-2.55486e-05,2.95143e-07,-4.35876e-07
1.76724e-05,-2.49419e-05,3.01504e-07,-4.25527e-07
1.79162e-05,-2.44263e-05,3.05664e-07,-4.1673e-07
1.83938e-05,-2.3642e-05,3.13813e-07,-4.03352e-07
1.84473e-05,-2.31231e-05,3.14726e-07,-3.945e-07
1.89185e-05,-2.23764e-05,3.22768e-07,-3.81763e-07
1.9198e-05,-2.17879e-05,3.27538e-07,-3.71723e-07
1.97434e-05,-2.12569e-05,3.36843e-07,-3.62665e-07
2.01266e-05,-2.05215e-05,3.43382e-07,-3.50119e-07
2.04818e-05,-1.99753e-05,3.49442e-07,-3.40801e-07
2.05051e-05,-1.94596e-05,3.49842e-07,-3.32004e-07
2.10444e-05,-1.88649e-05,3.59043e-07,-3.21859e-07
2.12489e-05,-1.81739e-05,3.62534e-07,-3.1007e-07
2.18585e-05,-1.74673e-05,3.72937e-07,-2.98017e-07
2.21783e-05,-1.69294e-05,3.78393e-07,-2.88839e-07
2.2554e-05,-1.62644e-05,3.84804e-07,-2.77495e-07
2.29873e-05,-1.5561e-05,3.92199e-07,-2.65495e-07
2.3162e-05,-1.51095e-05,3.9518e-07,-2.57793e-07
2.36044e-05,-1.44136e-05,4.0273e-07,-2.4592e-07
2.39577e-05,-1.38077e-05,4.08759e-07,-2.35583e-07
2.42795e-05,-1.32001e-05,4.14252e-07,-2.25217e-07
2.47319e-05,-1.24914e-05,4.21971e-07,-2.13127e-07
2.49482e-05,-1.1985e-05,4.25663e-07,-2.04487e-07
2.51682e-05,-1.12527e-05,4.29418e-07,-1.91994e-07
2.55215e-05,-1.06634e-05,4.35449e-07,-1.8194e-07
2.60669e-05,-1.00553e-05,4.44756e-07,-1.71564e-07
2.6458e-05,-9.38431e-06,4.51431e-07,-1.60116e-07
2.68017e-05,-8.80092e-06,4.57296e-07,-1.50163e-07
2.69681e-05,-8.12243e-06,4.60136e-07,-1.38587e-07
2.74845e-05,-7.53496e-06,4.68949e-07,-1.28564e-07
2.78294e-05,-6.92261e-06,4.74835e-07,-1.18116e-07
2.81434e-05,-6.39801e-06,4.80195e-07,-1.09166e-07
2.84997e-05,-5.72325e-06,4.86276e-07,-9.76529e-08
2.89062e-05,-5.0699e-06,4.93214e-07,-8.65055e-08
2.92268e-05,-4.47619e-06,4.98685e-07,-7.63754e-08
2.95863e-05,-3.87298e-06,5.0482e-07,-6.60833e-08
2.99049e-05,-3.24106e-06,5.10259e-07,-5.53013e-08
3.02515e-05,-2.57275e-06,5.16175e-07,-4.38982e-08
3.06411e-05,-1.97576e-06,5.22823e-07,-3.37121e-08
3.0923e-05,-1.43002e-06,5.27636e-07,-2.44003e-08
3.12848e-05,-8.26533e-07,5.33811e-07,-1.41031e-08
3.16746e-05,-1.55649e-07,5.40464e-07,-2.65584e-09
3.19809e-05,4.34431e-07,5.45692e-07,7.41272e-09
3.20432e-05,9.59706e-07,5.46758e-07,1.63756e-08
3.2717e-05,1.70303e-06,5.58257e-07,2.9059e-08
3.29522e-05,2.17815e-06,5.62271e-07,3.71663e-08
3.33277e-05,2.82815e-06,5.6868e-07,4.82574e-08
3.36147e-05,3.35838e-06,5.73579e-07,5.73052e-08
3.40086e-05,4.0425e-06,5.80302e-07,6.89787e-08
3.41151e-05,4.62296e-06,5.82122e-07,7.88837e-08
3.4463e-05,5.22827e-06,5.8806e-07,8.92127e-08
3.50293e-05,5.91459e-06,5.97724e-07,1.00924e-07
3.53553e-05,6.4437e-06,6.03289e-07,1.09953e-07
3.58122e-05,7.1657e-06,6.11087e-07,1.22273e-07
3.5876e-05,7.73083e-06,6.12179e-07,1.31917e-07
3.64695e-05,8.39574e-06,6.22308e-07,1.43263e-07
3.64517e-05,8.85572e-06,6.22007e-07,1.51113e-07
3.71596e-05,9.67757e-06,6.34089e-07,1.65137e-07
3.75279e-05,1.02136e-05,6.40374e-07,1.74285e-07
3.78799e-05,1.08889e-05,6.46383e-07,1.85808e-07
3.8163e-05,1.14038e-05,6.51217e-07,1.94596e-07
3.85343e-05,1.20278e-05,6.57555e-07,2.05243e-07
3.88812e-05,1.2633e-05,6.63476e-07,2.15572e-07
3.89028e-05,1.31486e-05,6.63848e-07,2.24371e-07
3.93287e-05,1.38391e-05,6.71117e-07,2.36155e-07
3.98833e-05,1.44384e-05,6.80583e-07,2.46382e-07
4.00086e-05,1.50349e-05,6.82723e-07,2.56561e-07
4.05004e-05,1.55816e-05,6.91118e-07,2.65892e-07
4.06054e-05,1.6162e-05,6.92912e-07,2.75797e-07
4.12628e-05,1.68586e-05,7.04133e-07,2.87684e-07
4.12813e-05,1.73739e-05,7.0445e-07,2.96479e-07
4.17065e-05,1.80644e-05,7.11709e-07,3.08263e-07
4.22013e-05,1.85949e-05,7.20155e-07,3.17317e-07
4.25473e-05,1.92e-05,7.26062e-07,3.27645e-07
4.28867e-05,1.97979e-05,7.31856e-07,3.37849e-07
4.32737e-05,2.04686e-05,7.38461e-07,3.49295e-07
4.33581e-05,2.10178e-05,7.39905e-07,3.58668e-07
4.38919e-05,2.1612e-05,7.49016e-07,3.6881e-07
4.41707e-05,2.21575e-05,7.53776e-07,3.78119e-07
4.43888e-05,2.28386e-05,7.57502e-07,3.89744e-07
4.49349e-05,2.34379e-05,7.66824e-07,3.99972e-07
4.50618e-05,2.40347e-05,7.68991e-07,4.10158e-07
4.55864e-05,2.47113e-05,7.77947e-07,4.21706e-07
4.57236e-05,2.52333e-05,7.8029e-07,4.30616e-07
4.59436e-05,2.57027e-05,7.84047e-07,4.38628e-07
4.63405e-05,2.63767e-05,7.90824e-07,4.50131e-07
4.69618e-05,2.70649e-05,8.01428e-07,4.61878e-07
4.73066e-05,2.767e-05,8.07316e-07,4.72205e-07
4.7665e-05,2.82627e-05,8.13435e-07,4.82321e-07
4.79895e-05,2.88879e-05,8.18975e-07,4.92992e-07
4.82657e-05,2.9403e-05,8.23691e-07,5.01785e-07
4.83982e-05,3.0007e-05,8.25954e-07,5.12094e-07
4.90325e-05,3.06828e-05,8.36782e-07,5.23628e-07
4.93769e-05,3.12878e-05,8.42662e-07,5.33956e-07
4.9648e-05,3.1826e-05,8.47292e-07,5.43142e-07
5.00227e-05,3.24398e-05,8.53689e-07,5.53618e-07
5.03171e-05,3.30457e-05,8.58716e-07,5.63961e-07
5.06073e-05,3.35743e-05,8.63672e-07,5.72984e-07
5.10337e-05,3.42569e-05,8.70952e-07,5.84636e-07
5.12221e-05,3.47175e-05,8.74169e-07,5.92498e-07
5.16942e-05,3.5449e-05,8.82229e-07,6.04985e-07
5.20954e-05,3.61075e-05,8.8908e-07,6.16224e-07
5.23993e-05,3.67273e-05,8.94269e-07,6.26803e-07
5.24105e-05,3.71724e-05,8.94463e-07,6.34402e-07
5.30747e-05,3.79158e-05,9.05802e-07,6.47092e-07
5.34391e-05,3.85219e-05,9.12024e-07,6.57438e-07
5.37824e-05,3.91269e-05,9.17886e-07,6.67765e-07
5.40525e-05,3.9665e-05,9.22499e-07,6.76951e-07
5.44055e-05,4.03396e-05,9.28525e-07,6.88467e-07
5.47102e-05,4.08633e-05,9.33729e-07,6.97407e-07
5.5091e-05,4.14906e-05,9.40232e-07,7.08115e-07
5.55177e-05,4.21925e-05,9.47517e-07,7.20097e-07
5.5531e-05,4.27148e-05,9.47747e-07,7.29014e-07
5.61562e-05,4.33769e-05,9.58421e-07,7.40316e-07
5.62822e-05,4.39811e-05,9.60574e-07,7.50631e-07
5.68295e-05,4.46099e-05,9.69919e-07,7.61365e-07
5.71367e-05,4.5134e-05,9.75165e-07,7.70312e-07
5.75429e-05,4.58209e-05,9.82101e-07,7.82037e-07
5.78021e-05,4.6345e-05,9.86528e-07,7.90986e-07
5.81823e-05,4.6998e-05,9.9302e-07,8.02133e-07
5.85319e-05,4.76164e-05,9.9899e-07,8.12691e-07
5.8625e-05,4.82246e-05,1.00058e-06,8.23073e-07
5.91661e-05,4.87682e-05,1.00982e-06,8.32355e-07
5.95396e-05,4.94173e-05,1.0162e-06,8.43435e-07
5.98697e-05,5.00156e-05,1.02184e-06,8.53651e-07
5.99819e-05,5.06087e-05,1.02375e-06,8.63776e-07
6.05803e-05,5.12766e-05,1.03397e-06,8.75178e-07
6.06849e-05,5.18561e-05,1.03576e-06,8.85072e-07
6.12906e-05,5.25375e-05,1.0461e-06,8.96705e-07
6.13497e-05,5.3052e-05,1.04711e-06,9.0549e-07
6.19974e-05,5.37487e-05,1.05817e-06,9.17384e-07
6.2102e-05,5.43479e-05,1.05996e-06,9.27614e-07
6.25994e-05,5.48779e-05,1.06845e-06,9.36664e-07
6.30619e-05,5.5602e-05,1.07635e-06,9.49026e-07
6.33532e-05,5.62077e-05,1.08133e-06,9.59368e-07
6.36359e-05,5.67365e-05,1.08616e-06,9.68396e-07
6.40287e-05,5.74102e-05,1.09287e-06,9.79899e-07
6.44286e-05,5.80676e-05,1.09969e-06,9.91122e-07
6.47085e-05,5.8611e-05,1.10447e-06,1.0004e-06
6.50352e-05,5.9195e-05,1.11006e-06,1.01037e-06
6.5411e-05,5.98218e-05,1.11647e-06,1.02107e-06
6.57892e-05,6.04746e-05,1.12293e-06,1.03222e-06
6.60585e-05,6.10201e-05,1.12753e-06,1.04153e-06
6.63923e-05,6.16177e-05,1.13323e-06,1.05174e-06
6.65263e-05,6.22256e-05,1.13552e-06,1.06212e-06
6.71382e-05,6.28837e-05,1.14597e-06,1.07335e-06
6.7469e-05,6.35119e-05,1.15162e-06,1.08408e-06
6.75285e-05,6.40256e-05,1.15264e-06,1.09285e-06
6.81433e-05,6.47102e-05,1.16314e-06,1.10454e-06
6.82962e-05,6.53431e-05,1.16576e-06,1.11535e-06
6.89043e-05,6.60526e-05,1.17614e-06,1.12746e-06
6.92376e-05,6.66489e-05,1.18183e-06,1.13764e-06
6.9618e-05,6.72858e-05,1.18833e-06,1.14852e-06
6.99104e-05,6.78983e-05,1.19332e-06,1.15898e-06
7.02299e-05,6.84785e-05,1.19878e-06,1.16889e-06
7.03706e-05,6.90696e-05,1.20119e-06,1.17898e-06
7.10161e-05,6.97661e-05,1.21221e-06,1.19087e-06
7.11185e-05,7.03652e-05,1.21396e-06,1.2011e-06
7.13955e-05,7.09722e-05,1.21869e-06,1.21147e-06
7.16903e-05,7.14607e-05,1.22373e-06,1.21981e-06
7.20808e-05,7.21342e-05,1.2304e-06,1.23131e-06
7.27092e-05,7.28096e-05,1.24113e-06,1.24284e-06
7.30784e-05,7.3423e-05,1.24744e-06,1.25332e-06
7.31406e-05,7.40011e-05,1.2485e-06,1.26319e-06
7.37614e-05,7.46628e-05,1.25911e-06,1.27449e-06
7.41561e-05,7.53358e-05,1.26585e-06,1.28598e-06
7.44215e-05,7.58736e-05,1.27038e-06,1.29517e-06
7.46795e-05,7.63978e-05,1.27479e-06,1.30412e-06
7.49508e-05,7.71732e-05,1.27943e-06,1.31736e-06
7.55121e-05,7.77888e-05,1.28901e-06,1.32788e-06
7.58777e-05,7.84502e-05,1.29526e-06,1.33917e-06
7.61852e-05,7.89872e-05,1.30051e-06,1.34834e-06
7.64427e-05,7.95113e-05,1.30491e-06,1.35729e-06
7.68884e-05,8.02531e-05,1.31252e-06,1.36996e-06
7.69511e-05,8.07809e-05,1.3136e-06,1.37897e-06
7.75755e-05,8.14421e-05,1.32426e-06,1.39027e-06
7.77037e-05,8.20596e-05,1.32645e-06,1.40081e-06
7.82338e-05,8.26528e-05,1.33551e-06,1.41094e-06
7.83682e-05,8.32442e-05,1.33781e-06,1.42104e-06
7.87259e-05,8.39313e-05,1.34392e-06,1.43278e-06
7.92641e-05,8.45305e-05,1.35311e-06,1.44301e-06
7.93734e-05,8.50572e-05,1.35498e-06,1.45201e-06
7.96301e-05,8.55813e-05,1.35937e-06,1.46096e-06
8.00713e-05,8.63385e-05,1.3669e-06,1.47389e-06
8.0662e-05,8.69349e-05,1.37699e-06,1.48408e-06
8.09607e-05,8.75064e-05,1.38209e-06,1.49384e-06
8.13841e-05,8.81881e-05,1.38933e-06,1.50548e-06
8.16452e-05,8.87255e-05,1.39379e-06,1.51466e-06
8.20332e-05,8.93987e-05,1.40042e-06,1.52616e-06
8.24177e-05,9.0049e-05,1.40699e-06,1.53726e-06
8.27891e-05,9.06618e-05,1.41333e-06,1.54773e-06
8.28491e-05,9.12457e-05,1.41436e-06,1.5577e-06
8.34432e-05,9.18569e-05,1.42451e-06,1.56814e-06
8.35913e-05,9.25046e-05,1.42704e-06,1.5792e-06
8.41393e-05,9.31328e-05,1.4364e-06,1.58993e-06
8.42902e-05,9.37647e-05,1.43898e-06,1.60073e-06
8.48381e-05,9.44335e-05,1.44834e-06,1.61215e-06
8.51603e-05,9.49604e-05,1.45384e-06,1.62115e-06
8.5581e-05,9.56267e-05,1.46103e-06,1.63253e-06
8.58879e-05,9.62331e-05,1.46628e-06,1.64289e-06
8.61185e-05,9.67329e-05,1.47022e-06,1.65143e-06
8.65893e-05,9.74829e-05,1.47826e-06,1.66424e-06
8.69486e-05,9.80889e-05,1.4844e-06,1.67459e-06
8.70063e-05,9.86569e-05,1.48539e-06,1.68429e-06
8.76855e-05,9.93849e-05,1.49699e-06,1.69673e-06
8.80013e-05,9.9999e-05,1.50239e-06,1.70722e-06
8.83769e-05,0.000100636,1.50881e-06,1.71809e-06
8.84729e-05,0.000101241,1.51045e-06,1.72843e-06
8.91058e-05,0.000101909,1.52126e-06,1.73983e-06
8.94075e-05,0.000102486,1.52642e-06,1.74969e-06
8.95234e-05,0.000103082,1.5284e-06,1.75987e-06
9.01808e-05,0.000103808,1.53963e-06,1.77229e-06
9.01696e-05,0.000104277,1.53944e-06,1.78029e-06
9.08104e-05,0.000104998,1.55039e-06,1.7926e-06
9.09653e-05,0.00010565,1.55304e-06,1.80374e-06
9.13722e-05,0.000106324,1.55999e-06,1.81526e-06
9.16656e-05,0.000106898,1.565e-06,1.82506e-06
9.23241e-05,0.000107581,1.57625e-06,1.83673e-06
9.26155e-05,0.000108186,1.58123e-06,1.84707e-06
9.28711e-05,0.000108709,1.5856e-06,1.856e-06
9.30287e-05,0.000109304,1.5883e-06,1.86617e-06
9.33383e-05,0.000109896,1.59359e-06,1.87629e-06
9.39919e-05,0.00011058,1.60475e-06,1.88797e-06
9.40828e-05,0.000111174,1.60631e-06,1.89812e-06
9.46411e-05,0.000111846,1.61585e-06,1.90959e-06
9.47983e-05,0.000112441,1.61854e-06,1.91976e-06
9.53485e-05,0.000113028,1.62794e-06,1.92978e-06
9.58031e-05,0.000113757,1.6357e-06,1.94224e-06
9.60331e-05,0.000114285,1.63964e-06,1.95127e-06
9.62584e-05,0.000114995,1.64349e-06,1.96339e-06
9.65219e-05,0.000115548,1.64799e-06,1.97285e-06
9.71657e-05,0.000116319,1.65899e-06,1.98602e-06
9.72622e-05,0.000116828,1.66065e-06,1.99472e-06
9.7864e-05,0.000117516,1.67093e-06,2.00646e-06
9.81855e-05,0.000118046,1.67642e-06,2.01552e-06
9.84402e-05,0.000118211,1.68077e-06,2.01835e-06
9.85239e-05,0.000118199,1.68221e-06,2.01815e-06
0.00186823,0.00287899,3.2747e-05,5.0464e-05
0.00353822,0.00731457,0.000109806,0.000227003
0.00114261,0.00393879,8.26708e-05,0.000284981
-0.000745707,0.00051117,-0.000107846,7.39267e-05
-0.0020087,-0.0018687,-0.000500524,-0.000465639
-0.00274379,-0.00386076,-0.00105085,-0.00147864
-0.00328536,-0.00524204,-0.00177581,-0.00283344
-0.0034699,-0.00634273,-0.00249944,-0.0045688
-0.00345664,-0.0070653,-0.00315959,-0.00645813
-0.00319507,-0.00751192,-0.00358089,-0.00841902
-0.00282781,-0.00778216,-0.00377205,-0.0103807
-0.00223951,-0.00798945,-0.00346687,-0.012368
-0.00162672,-0.00807084,-0.00287173,-0.0142479
-0.000951356,-0.00804721,-0.00188577,-0.0159511
-0.000272474,-0.00789892,-0.000598206,-0.0173418
0.000465882,-0.00761658,0.00112222,-0.0183469
0.00102027,-0.00735526,0.00267073,-0.0192536
0.00160442,-0.00707802,0.00453423,-0.0200031
0.00211781,-0.00680602,0.00642117,-0.0206357
0.00260485,-0.00652679,0.00842265,-0.021104
0.00296934,-0.00610302,0.0101987,-0.0209618
0.00314414,-0.0056658,0.011419,-0.0205773
0.00331998,-0.0053095,0.0127125,-0.0203306
0.00356414,-0.00489926,0.0143444,-0.0197178
0.00367964,-0.004434,0.0155161,-0.0186971
0.00376369,-0.00400434,0.0165958,-0.0176569
0.003767,-0.00351913,0.0173246,-0.0161847
0.00369334,-0.00301054,0.0176893,-0.014419
0.00366354,-0.00246168,0.0182408,-0.0122567
0.00367628,-0.00214331,0.0189909,-0.0110719
0.00361609,-0.00188262,0.0193595,-0.010079
0.00347423,-0.00188771,0.0192506,-0.0104597
0.00339776,-0.00192264,0.0194546,-0.0110085
0.00341943,-0.00197736,0.0202149,-0.0116897
0.00350781,-0.0020041,0.0213818,-0.0122159
0.00367888,-0.00211796,0.0231054,-0.0133019
0.00376659,-0.00218146,0.0243517,-0.0141035
0.00395441,-0.00226125,0.0262874,-0.015032
0.00413877,-0.00230789,0.028274,-0.0157663
0.00428002,-0.00238325,0.0300168,-0.0167143
0.00449033,-0.00246178,0.0323145,-0.0177162
0.00473418,-0.0026434,0.0349356,-0.0195068
0.00502085,-0.00280345,0.0379592,-0.0211949
0.00527805,-0.00294969,0.0408666,-0.0228387
0.00550535,-0.00309385,0.0436197,-0.0245131
0.00570411,-0.00344001,0.0462326,-0.0278817
0.00586521,-0.00373278,0.0486045,-0.0309332
0.00600067,-0.00403317,0.0508058,-0.0341476
0.0061054,-0.00431051,0.0528,-0.0372776
0.00616332,-0.00451988,0.0544067,-0.0398993
0.00615633,-0.00478601,0.0554596,-0.0431151
0.00610139,-0.00501128,0.0560665,-0.0460493
0.00608269,-0.00514736,0.0569702,-0.0482099
0.00606209,-0.00520878,0.0578343,-0.0496934
0.0060099,-0.00516423,0.0583342,-0.0501259
0.00604468,-0.00512172,0.0596292,-0.0505245
0.00612278,-0.00507447,0.0612953,-0.0508007
0.00622536,-0.0050447,0.0631323,-0.051159
0.00634571,-0.00504855,0.0650747,-0.0517724
0.00640227,-0.00501379,0.0662515,-0.0518833
0.00648109,-0.00495598,0.0675263,-0.0516363
0.00651205,-0.00490164,0.0681806,-0.0513197
0.00658728,-0.0047573,0.0691789,-0.0499607
0.00664892,-0.0045008,0.0699341,-0.04734
0.00658615,-0.00415359,0.0692937,-0.0437004
0.0064082,-0.00372081,0.0673762,-0.0391208
0.00616827,-0.00324905,0.0647664,-0.0341148
0.00581789,-0.00276219,0.0609837,-0.0289535
0.00546048,-0.00235051,0.0571333,-0.0245935
0.00499024,-0.00198762,0.0521211,-0.0207599
0.00457911,-0.00158532,0.0477492,-0.0165311
0.00410182,-0.00124735,0.0427085,-0.0129875
0.00367537,-0.00106665,0.0382178,-0.0110914
0.0032216,-0.00100474,0.0334609,-0.0104357
0.00270397,-0.000735913,0.0280563,-0.00763579
0.00215886,-0.000403825,0.0223808,-0.00418643
0.00173782,-0.000170966,0.0180021,-0.00177104
0.00145442,-1.71096e-06,0.0150562,-1.77119e-05
0.00124188,9.46663e-05,0.0128484,0.000979407
0.00101103,0.000165238,0.0104543,0.00170861
0.000871851,0.000189648,0.00901084,0.00196007
0.000770517,8.5816e-05,0.00795992,0.000886533
0.000690718,1.77007e-05,0.00713255,0.000182782
0.000629122,-9.61304e-05,0.00649396,-0.000992282
0.00071234,-0.000314978,0.00735019,-0.00325006
0.000834909,-0.0004783,0.00861184,-0.00493352
0.00601401,-0.00070507,0.0620111,-0.00727006
0.0230074,-0.00100685,0.237152,-0.0103782
0.0449384,-0.00128221,0.463063,-0.0132124
0.0646737,-0.00146331,0.666224,-0.015074
0.0813589,-0.00164362,0.837867,-0.0169267
0.0902538,-0.00173256,0.929208,-0.0178376
0.0936611,-0.00184662,0.964019,-0.0190065
0.092112,-0.00188571,0.947816,-0.0194036
0.0823622,-0.00192309,0.847256,-0.0197827
0.0696798,-0.00199942,0.716601,-0.0205624
0.0564891,-0.0021087,0.580798,-0.0216808
0.0429228,-0.00222366,0.441208,-0.0228572
0.0291771,-0.00239454,0.299847,-0.0246082
0.0150411,-0.00254999,0.154541,-0.0262001
0.000731448,-0.00271298,0.00751382,-0.0278692
-0.0139508,-0.00274724,-0.143283,-0.0282158
-0.0286544,-0.00282251,-0.294245,-0.0289837
-0.0437428,-0.00296585,-0.449111,-0.0304507
-0.0588686,-0.00316714,-0.604316,-0.0325123
-0.0742079,-0.00329541,-0.761674,-0.0338243
-0.0896082,-0.00351285,-0.91962,-0.0360512
-0.105042,-0.00367521,-1.07788,-0.0377128
-0.120356,-0.00390345,-1.23488,-0.0400502
-0.135728,-0.00413127,-1.39244,-0.042383
-0.150989,-0.00446183,-1.54885,-0.0457695
-0.166297,-0.004773,-1.70571,-0.0489567
-0.181373,-0.00511475,-1.86018,-0.0524572
-0.196816,-0.00524066,-2.01837,-0.0537437
-0.212195,-0.00541115,-2.17591,-0.0554875
-0.22764,-0.00545297,-2.3341,-0.0559117
-0.243019,-0.00555509,-2.49159,-0.0569545
-0.27216,-0.0055636,-2.79014,-0.0570372
-0.323161,-0.00565883,-3.31282,-0.0580104
-0.359911,-0.00569052,-3.6895,-0.0583343
-0.386665,-0.00578592,-3.96377,-0.0593124
-0.406429,-0.00578121,-4.16639,-0.0592643
-0.420999,-0.00583589,-4.31573,-0.0598246
-0.43189,-0.00578843,-4.42729,-0.059337
-0.440306,-0.00580775,-4.5134,-0.0595329
-0.447169,-0.00563142,-4.5835,-0.0577224
-0.452735,-0.00555707,-4.64024,-0.0569564
-0.457697,-0.00542036,-4.69071,-0.0555507
-0.478665,-0.00544319,-4.90524,-0.0557806
-0.515584,-0.00541847,-5.28337,-0.0555249
-0.541537,-0.00540906,-5.54908,-0.0554261
-0.551178,-0.00523377,-5.64749,-0.0536264
-0.547498,-0.00512063,-5.60929,-0.0524625
-0.536067,-0.0049411,-5.49164,-0.0506182
-0.520975,-0.00486448,-5.33651,-0.0498284
-0.505432,-0.00473114,-5.17681,-0.0484579
-0.490794,-0.0046626,-5.02644,-0.0477518
-0.477733,-0.00457584,-4.8923,-0.0468596
-0.466314,-0.00448148,-4.77504,-0.0458902
-0.456671,-0.00439511,-4.67603,-0.0450032
-0.448435,-0.00445254,-4.59149,-0.0455892
-0.441765,-0.00445402,-4.52304,-0.0456028
-0.436401,-0.00446713,-4.46803,-0.0457361
-0.43242,-0.00451622,-4.42723,-0.0462381
-0.429508,-0.00445267,-4.39741,-0.0455875
-0.427506,-0.00432549,-4.37696,-0.0442859
-0.42643,-0.0041964,-4.36603,-0.0429651
-0.426443,-0.00417814,-4.36628,-0.0427793
-0.427184,-0.00424772,-4.37402,-0.0434933
-0.428619,-0.00438983,-4.3889,-0.0449502
-0.430404,-0.00463066,-4.40738,-0.0474184
-0.432558,-0.00482162,-4.42966,-0.0493764
-0.434964,-0.00504694,-4.45455,-0.0516867
-0.437585,-0.00517449,-4.48165,-0.052996
-0.440221,-0.00533511,-4.50891,-0.0546442
-0.442952,-0.00544127,-4.53715,-0.0557349
-0.445703,-0.00560161,-4.5656,-0.0573806
-0.448369,-0.00572502,-4.59319,-0.0586484
-0.450734,-0.00598096,-4.61769,-0.0612739
-0.453063,-0.00610194,-4.64183,-0.0625171
-0.455223,-0.0063055,-4.66424,-0.0646065
-0.457216,-0.00647131,-4.68495,-0.0663095
-0.458952,-0.00660126,-4.70302,-0.067645
-0.460426,-0.0066191,-4.71839,-0.0678317
-0.461698,-0.00669371,-4.73169,-0.0686002
-0.462887,-0.00664511,-4.74415,-0.068106
-0.463786,-0.00672112,-4.75363,-0.068889
-0.464543,-0.00680395,-4.76167,-0.0697421
-0.465158,-0.00691229,-4.76826,-0.0708568
-0.465609,-0.00688457,-4.77316,-0.0705767
-0.465877,-0.0068052,-4.77618,-0.0697671
-0.465961,-0.00674518,-4.77732,-0.0691557
-0.46585,-0.00673238,-4.77645,-0.0690284
-0.465689,-0.00660559,-4.77506,-0.0677321
-0.465502,-0.00645859,-4.7734,-0.0662284
-0.465167,-0.0063315,-4.7702,-0.0649284
-0.464763,-0.00635754,-4.7663,-0.0651987
-0.464426,-0.0063011,-4.76308,-0.064623
-0.463984,-0.0062762,-4.75877,-0.0643706
-0.463561,-0.00628655,-4.75464,-0.0644798
-0.46317,-0.00635288,-4.75084,-0.0651629
-0.462744,-0.0064059,-4.74666,-0.0657095
-0.462302,-0.00642741,-4.74233,-0.0659329
-0.461865,-0.00639822,-4.73804,-0.0656361
-0.461449,-0.00645666,-4.73396,-0.0662383
-0.461071,-0.00649019,-4.73027,-0.0665849
-0.460712,-0.0066271,-4.72678,-0.0679922
-0.460428,-0.0067123,-4.72405,-0.0688692
-0.460193,-0.00679004,-4.72185,-0.0696697
-0.459944,-0.00683435,-4.71949,-0.0701274
-0.459797,-0.00682561,-4.71819,-0.0700408
-0.459745,-0.00681354,-4.71786,-0.0699199
-0.459801,-0.00688054,-4.71864,-0.0706106
-0.459873,-0.00688731,-4.71959,-0.070683
-0.459944,-0.00687895,-4.7205,-0.0706001
-0.460048,-0.00698606,-4.72175,-0.0717022
-0.460165,-0.00703187,-4.72314,-0.0721752
-0.460183,-0.00705098,-4.72349,-0.0723739
-0.460301,-0.00694012,-4.72487,-0.0712387
-0.460356,-0.0069159,-4.72562,-0.0709926
-0.460524,-0.00691453,-4.72751,-0.0709811
-0.460605,-0.0070201,-4.72851,-0.0720674
-0.460685,-0.00705632,-4.7295,-0.0724419
-0.460692,-0.0071337,-4.72974,-0.0732389
-0.460762,-0.00712954,-4.73062,-0.0731987
-0.460858,-0.00718086,-4.73178,-0.0737282
-0.460972,-0.00720298,-4.73312,-0.0739579
-0.461053,-0.00720598,-4.73413,-0.0739914
-0.461162,-0.00721642,-4.73542,-0.0741014
-0.461215,-0.00726249,-4.73614,-0.0745772
-0.461277,-0.00730883,-4.73694,-0.0750559
-0.461307,-0.00742815,-4.73744,-0.0762841
-0.461367,-0.00744143,-4.73823,-0.0764234
-0.461298,-0.00748669,-4.73771,-0.0768913
-0.46127,-0.00743831,-4.73762,-0.0763975
-0.461149,-0.00747144,-4.73658,-0.076741
-0.461094,-0.00750999,-4.73621,-0.07714
-0.461118,-0.00741778,-4.73663,-0.0761959
-0.483722,-0.00738899,-4.969,-0.075903
-0.539636,-0.00750578,-5.54377,-0.0771082
-0.579547,-0.00753814,-5.95433,-0.0774477
-0.601593,-0.00759779,-6.18126,-0.078066
-0.612686,-0.00758004,-6.29549,-0.0778866
-0.614726,-0.00755054,-6.31648,-0.0775838
-0.608795,-0.00741423,-6.25537,-0.0761811
-0.596968,-0.00722933,-6.13353,-0.0742774
-0.581137,-0.00692144,-5.97047,-0.0711094
-0.560152,-0.00661071,-5.75442,-0.0679116
-0.531339,-0.00610719,-5.45791,-0.0627331
-0.502393,-0.00575613,-5.16019,-0.0591225
-0.474493,-0.00534017,-4.87336,-0.0548471
-0.443915,-0.00504809,-4.55912,-0.051845
-0.411124,-0.00466061,-4.22223,-0.0478644
-0.380622,-0.00435825,-3.90898,-0.0447592
-0.352089,-0.00403786,-3.61603,-0.0414696
-0.324972,-0.00382836,-3.33765,-0.0393194
-0.299046,-0.00357261,-3.07152,-0.0366945
-0.273106,-0.00335124,-2.80523,-0.0344225
-0.24688,-0.00303732,-2.53598,-0.0311997
-0.219753,-0.00279035,-2.25745,-0.0286644
-0.192507,-0.00251077,-1.97767,-0.0257937
-0.167057,-0.00226051,-1.71631,-0.023224
-0.143102,-0.00190639,-1.47027,-0.0195868
-0.120017,-0.00154409,-1.23315,-0.0158652
-0.0937696,-0.00114857,-0.9635,-0.0118017
-0.0695301,-0.000933144,-0.71446,-0.00958857
-0.0467786,-0.000632641,-0.480692,-0.00650095
-0.025221,-0.000486262,-0.259176,-0.00499691
-0.00399874,-0.000291397,-0.0410926,-0.00299451
0.0184281,-0.000172463,0.189377,-0.00177232
0.0398483,3.26607e-05,0.409507,0.000335643
0.060735,0.000293382,0.624157,0.00301501
0.0811464,0.000744877,0.833924,0.00765493
0.10137,0.00116245,1.04176,0.0119462
0.121547,0.00163854,1.24911,0.0168389
0.141778,0.00197323,1.45702,0.0202784
0.162146,0.00229418,1.66633,0.0235767
0.182673,0.00251663,1.87728,0.0258628
0.203207,0.0027983,2.0883,0.0287574
0.224216,0.00295832,2.30421,0.0304019
0.245508,0.00320267,2.52303,0.0329131
0.26728,0.00333701,2.74679,0.0342938
0.28922,0.00355758,2.97228,0.0365609
0.34081,0.003758,3.50251,0.038621
0.399957,0.00405343,4.11065,0.0416602
0.444106,0.00415067,4.56495,0.0426646
0.477551,0.00419783,4.90941,0.0431554
0.503406,0.0041678,5.17593,0.0428526
0.523509,0.00416389,5.38331,0.0428178
0.540004,0.00420293,5.55351,0.0432237
0.553743,0.0041206,5.69525,0.0423803
0.565603,0.00407881,5.81751,0.0419527
0.576118,0.00406813,5.92579,0.0418436
0.588502,0.00390528,6.05319,0.0401687
0.619122,0.0038423,6.36826,0.0395218
0.666221,0.00377445,6.85318,0.0388265
0.708393,0.00378024,7.28763,0.0388895
0.728573,0.00363789,7.49557,0.0374267
0.729686,0.00344583,7.50693,0.0354504
0.718045,0.00316477,7.38684,0.0325574
0.699835,0.00291095,7.19908,0.0299445
0.679533,0.00260542,6.9898,0.0267998
0.65962,0.00233425,6.78456,0.024009
0.641279,0.00206526,6.59554,0.0212412
0.625031,0.00182904,6.42811,0.0188107
0.610962,0.0016033,6.28316,0.0164884
0.599106,0.00134436,6.16105,0.013825
0.589281,0.00105283,6.05991,0.0108268
0.581417,0.000913296,5.97901,0.0093919
0.57547,0.000808231,5.91788,0.00831151
0.571159,0.000781676,5.87363,0.00803853
0.56836,0.000841837,5.84496,0.00865738
0.566982,0.000967053,5.83093,0.00994533
0.566881,0.00109408,5.83003,0.011252
0.56771,0.00129525,5.83871,0.0133212
0.569362,0.00136747,5.85586,0.0140643
0.57158,0.00128725,5.87883,0.0132397
0.574356,0.00125184,5.90752,0.0128758
0.577616,0.00124052,5.94118,0.0127596
0.581095,0.00132698,5.97709,0.0136492
0.584893,0.00144226,6.01627,0.0148353
0.588735,0.00150679,6.05589,0.0154992
0.592602,0.00160869,6.09574,0.0165476
0.596392,0.00167019,6.1348,0.0171804
0.600062,0.00170827,6.17261,0.0175723
0.603524,0.00174774,6.20829,0.0179785
0.606727,0.00186516,6.24128,0.0191866
0.609643,0.0018963,6.27133,0.0195071
0.612314,0.00188738,6.29888,0.0194155
0.614708,0.00190624,6.32357,0.0196097
0.616755,0.00191867,6.34465,0.0197376
0.61847,0.00180553,6.36233,0.0185739
0.619907,0.00170866,6.37715,0.0175775
0.621022,0.00173172,6.38865,0.0178148
0.621986,0.00173952,6.3986,0.0178951
0.62265,0.00171448,6.40547,0.0176376
0.62311,0.00164692,6.41023,0.0169427
0.623259,0.00148915,6.41179,0.0153196
0.623336,0.00134605,6.41262,0.0138476
0.623245,0.00134678,6.41171,0.0138552
0.623118,0.00141608,6.41041,0.0145681
0.622769,0.00146084,6.40685,0.0150287
0.622352,0.00149105,6.40257,0.0153394
0.621883,0.0015384,6.39777,0.0158266
0.621496,0.00154509,6.3938,0.0158955
0.621018,0.00153453,6.3889,0.0157869
0.620732,0.00139358,6.38598,0.0143369
0.620352,0.00141812,6.3821,0.0145895
0.62011,0.00136384,6.37963,0.0140311
0.619675,0.00148041,6.37517,0.0152303
0.619326,0.00154412,6.3716,0.0158859
0.618985,0.00155414,6.36811,0.015989
0.618702,0.00152937,6.36522,0.0157342
0.618381,0.00159661,6.36195,0.016426
0.618228,0.00160336,6.3604,0.0164955
0.618018,0.00163608,6.35826,0.0168323
0.617953,0.00171766,6.35762,0.0176717
0.617735,0.00181238,6.35542,0.0186463
0.617737,0.00185786,6.35549,0.0191143
0.617659,0.00206288,6.35472,0.0212237
0.617704,0.00217672,6.35522,0.0223951
0.617715,0.00222945,6.35539,0.0229378
0.617916,0.00218306,6.35749,0.0224606
0.617963,0.00229416,6.35802,0.0236039
0.618156,0.00227326,6.36004,0.023389
0.618348,0.00226398,6.36206,0.0232936
0.618618,0.00217433,6.36487,0.0223714
0.618799,0.00218761,6.36676,0.0225081
0.619033,0.00201861,6.3692,0.0207693
0.619164,0.00189398,6.37058,0.0194872
0.619372,0.00167151,6.37275,0.0171982
0.619542,0.00149224,6.37453,0.0153539
0.619716,0.00122818,6.37636,0.0126369
0.619812,0.00110997,6.37738,0.0114208
0.619949,0.00101386,6.37882,0.0104319
0.620018,0.000974038,6.37957,0.0100222
0.620189,0.000827239,6.38136,0.00851177
0.620278,0.00077194,6.3823,0.00794282
0.620438,0.000707376,6.38399,0.00727853
0.62054,0.00079028,6.38507,0.00813161
0.62065,0.000849918,6.38622,0.00874529
0.620602,0.000860726,6.38574,0.00885652
0.6207,0.000875038,6.38676,0.00900381
0.620632,0.000978054,6.38609,0.0100638
0.62056,0.00110958,6.38536,0.0114172
0.620598,0.00118411,6.38577,0.0121841
0.620903,0.0011136,6.38892,0.0114586
0.620989,0.00119964,6.38983,0.012344
0.621168,0.00110562,6.39169,0.0113766
0.621221,0.00112125,6.39227,0.0115375
0.621377,0.00108864,6.3939,0.011202
0.635176,0.00109592,6.53591,0.0112769
0.672392,0.00111076,6.91902,0.0114299
0.695494,0.00122713,7.15695,0.0126277
0.709178,0.00119373,7.29794,0.0122843
0.714871,0.00121225,7.35664,0.0124751
0.714553,0.00112469,7.3534,0.0115741
0.707102,0.00102943,7.27666,0.0105937
0.694996,0.000798896,7.15198,0.00822118
0.682267,0.000512863,7.0209,0.00527764
0.669075,6.08111e-05,6.88508,0.000625773
0.655369,-0.000233259,6.74398,-0.00240032
0.641519,-0.00060517,6.60143,-0.00622739
0.627199,-0.000773238,6.45405,-0.00795683
0.612623,-0.00103192,6.30406,-0.0106187
0.59596,-0.0011106,6.13259,-0.0114284
0.577554,-0.00131394,5.9432,-0.0135208
0.558354,-0.00137561,5.74566,-0.0141555
0.540807,-0.0015287,5.56517,-0.0157311
0.524477,-0.00156881,5.39722,-0.0161441
0.509163,-0.00163097,5.23972,-0.0167841
0.494469,-0.00169225,5.08859,-0.0174149
0.480354,-0.00167506,4.9434,-0.0172382
0.466731,-0.00162425,4.80325,-0.0167156
0.453284,-0.00168935,4.66489,-0.0173856
0.439917,-0.00161353,4.52733,-0.0166054
0.426761,-0.0015666,4.39192,-0.0161223
0.413742,-0.00141427,4.25791,-0.0145546
0.400786,-0.00140089,4.12454,-0.0144168
0.387855,-0.00140212,3.99141,-0.0144292
0.374958,-0.00153116,3.85862,-0.0157569
0.362068,-0.00159481,3.72591,-0.0164116
0.349096,-0.00174324,3.59235,-0.0179387
0.336177,-0.00183023,3.45934,-0.0188334
0.322996,-0.00195463,3.32362,-0.0201131
0.309778,-0.00204777,3.18753,-0.021071
0.29642,-0.0021449,3.05,-0.0220698
0.282892,-0.00217069,2.91071,-0.0223345
0.269274,-0.00229258,2.77051,-0.023588
0.255522,-0.00239472,2.62894,-0.0246382
0.241629,-0.00245276,2.48593,-0.0252345
0.227503,-0.00256288,2.34053,-0.0263667
0.213145,-0.00268255,2.19276,-0.0275971
0.198827,-0.00280691,2.04542,-0.0288759
0.184301,-0.00289392,1.89594,-0.0297704
0.169591,-0.00297319,1.74458,-0.0305853
0.154549,-0.00307241,1.58982,-0.0316055
0.139192,-0.00321174,1.43183,-0.0330383
0.103949,-0.00335384,1.06928,-0.0344996
0.0609519,-0.00360944,0.626998,-0.0371294
0.0291977,-0.00384383,0.300363,-0.0395422
0.00529965,-0.00411695,0.0545213,-0.042354
-0.0130397,-0.00431543,-0.134155,-0.0443981
-0.0271618,-0.00451247,-0.279458,-0.0464271
-0.0383649,-0.00459961,-0.394732,-0.0473249
-0.0475697,-0.00471507,-0.489443,-0.0485133
-0.0553629,-0.0047992,-0.569624,-0.0493785
-0.0620353,-0.00490975,-0.638262,-0.0505149
-0.0684015,-0.00487395,-0.70374,-0.050145
-0.0915515,-0.004759,-0.941895,-0.0489612
-0.131258,-0.00456873,-1.35042,-0.0470041
-0.159646,-0.0045187,-1.64249,-0.0464898
-0.170803,-0.00449296,-1.75725,-0.0462242
-0.167745,-0.00445862,-1.7257,-0.0458687
-0.15654,-0.00447459,-1.61032,-0.04603
-0.141527,-0.00438145,-1.45579,-0.0450687
-0.12602,-0.00417246,-1.29618,-0.0429158
-0.111472,-0.00401037,-1.14645,-0.0412455
-0.0985952,-0.00389649,-1.01395,-0.0400714
-0.0875116,-0.00389831,-0.899908,-0.0400875
-0.0780502,-0.0038689,-0.802566,-0.0397827
-0.0701896,-0.00391661,-0.721702,-0.0402712
-0.0638576,-0.00391893,-0.656569,-0.0402935
-0.0587322,-0.00396311,-0.603852,-0.0407465
-0.0601988,-0.00396661,-0.618916,-0.0407815
-0.0657956,-0.00399435,-0.676446,-0.0410661
-0.0693996,-0.00397497,-0.713493,-0.0408664
-0.0723397,-0.00400336,-0.743719,-0.0411582
-0.0749577,-0.00403066,-0.770635,-0.0414389
-0.0831087,-0.00417281,-0.854438,-0.0429006
-0.0980696,-0.00419199,-1.00826,-0.0430981
-0.123223,-0.00426913,-1.26688,-0.043892
-0.138883,-0.00426066,-1.42792,-0.0438057
-0.146438,-0.0043684,-1.5056,-0.0449137
-0.148189,-0.00434529,-1.5236,-0.044676
-0.135446,-0.0042725,-1.39253,-0.043926
-0.0871472,-0.00420289,-0.895907,-0.0432073
-0.0507748,-0.00418291,-0.521974,-0.0430011
-0.025221,-0.00407292,-0.259277,-0.0418704
-0.00730201,-0.00405024,-0.0750671,-0.0416379
0.00495738,-0.00394798,0.0509643,-0.0405872
0.0135331,-0.00394494,0.139129,-0.0405566
0.0193016,-0.00387461,0.198436,-0.039834
0.0343764,-0.00387274,0.353423,-0.0398156
0.0967747,-0.00389726,0.995016,-0.0400708
0.0821749,-0.00408076,0.844884,-0.0419565
0.0604076,-0.00415536,0.621072,-0.0427227
0.0451824,-0.00434388,0.464538,-0.0446611
0.0339443,-0.00444372,0.348996,-0.0456878
0.0257212,-0.00459002,0.264453,-0.0471922
0.0196254,-0.00465239,0.201779,-0.0478336
0.0151769,-0.00464274,0.156042,-0.0477346
0.0116891,-0.00462118,0.120183,-0.047513
0.00905805,-0.0046878,0.0931314,-0.0481982
0.00693981,-0.00465868,0.0713528,-0.047899
0.00953349,-0.00480444,0.0980206,-0.0493979
0.0135978,-0.00473949,0.139809,-0.0487304
0.0157153,-0.0047991,0.161582,-0.0493436
0.0154728,-0.00473419,0.15909,-0.0486766
0.0138051,-0.00469749,0.141944,-0.0482996
0.0113935,-0.00467343,0.11715,-0.0480528
0.00902759,-0.00477274,0.0928239,-0.0490745
0.00690243,-0.00482369,0.0709733,-0.0495989
0.00533617,-0.0049081,0.0548691,-0.0504675
0.00414719,-0.00486718,0.0426439,-0.0500473
0.00345188,-0.00493793,0.0354948,-0.0507754
0.00282707,-0.00479516,0.0290703,-0.0493079
0.00262472,-0.00477632,0.0269899,-0.0491147
0.00255005,-0.00468685,0.0262223,-0.0481951
0.00279092,-0.0047926,0.0286995,-0.0492831
0.00307557,-0.0047968,0.0316268,-0.0493266
0.00347092,-0.00487928,0.0356926,-0.0501752
0.00392121,-0.00479857,0.0403234,-0.0493457
0.0044866,-0.00480392,0.0461378,-0.049401
0.00510589,-0.00474704,0.0525066,-0.0488164
0.00587145,-0.0046786,0.0603797,-0.048113
0.0066465,-0.00459865,0.0683504,-0.047291
0.00759167,-0.00472,0.0780707,-0.0485392
0.00835766,-0.00471773,0.0859485,-0.0485161
0.00921715,-0.00485685,0.0947877,-0.0499471
0.00985818,-0.00488688,0.10138,-0.0502561
0.0105422,-0.00496697,0.108415,-0.05108
0.0111721,-0.00492207,0.114894,-0.0506185
0.0118108,-0.00498675,0.121463,-0.051284
0.0122207,-0.0049592,0.125679,-0.0510009
0.0126691,-0.00493188,0.130291,-0.0507202
0.0129054,-0.00491913,0.132722,-0.0505894
0.0132368,-0.00504768,0.13613,-0.0519117
0.0133498,-0.0050626,0.137294,-0.0520655
0.013434,-0.00517376,0.13816,-0.0532091
0.0134646,-0.00521581,0.138476,-0.0536418
0.0134557,-0.00533303,0.138385,-0.0548477
0.0134079,-0.0053683,0.137895,-0.0552107
0.0132702,-0.00545043,0.136479,-0.0560557
0.0131302,-0.00543521,0.13504,-0.0558995
0.01298,-0.0054827,0.133496,-0.0563883
0.0128408,-0.00546535,0.132066,-0.0562103
0.0128166,-0.00551805,0.131817,-0.0567527
0.0127148,-0.00551674,0.130772,-0.0567396
0.0125613,-0.00559786,0.129193,-0.0575743
0.0124539,-0.00575298,0.128091,-0.0591702
0.0123567,-0.00596036,0.127091,-0.0613035
0.0122229,-0.0059647,0.125715,-0.0613485
0.0121018,-0.00608857,0.124471,-0.0626229
0.0120492,-0.00613663,0.123931,-0.0631176
0.0119318,-0.00614378,0.122724,-0.0631915
0.0118373,-0.00606973,0.121753,-0.0624302
0.0117558,-0.00601999,0.120915,-0.0619189
0.011772,-0.00600611,0.121082,-0.0617764
0.0117638,-0.00598691,0.120998,-0.0615791
0.0117365,-0.00590347,0.120718,-0.0607211
0.0117508,-0.00584436,0.120865,-0.0601134
0.0117867,-0.00575938,0.121236,-0.0592396
0.0117688,-0.00569881,0.121052,-0.0586169
0.0118172,-0.00559919,0.12155,-0.0575924
0.0117847,-0.00552155,0.121216,-0.0567942
0.0118129,-0.00561442,0.121507,-0.0577497
0.0118414,-0.00566501,0.121801,-0.0582705
0.0118827,-0.00563843,0.122227,-0.0579974
0.0118943,-0.00558832,0.122347,-0.0574823
0.0119417,-0.00562089,0.122835,-0.0578175
0.0120164,-0.00561227,0.123604,-0.0577291
0.0121446,-0.00561218,0.124923,-0.0577284
0.0121475,-0.00554975,0.124953,-0.0570865
0.0122204,-0.00543439,0.125703,-0.0559
0.0122391,-0.00537118,0.125896,-0.05525
0.0123005,-0.00538167,0.126528,-0.055358
0.0122852,-0.00536787,0.12637,-0.0552162
0.0123772,-0.0054272,0.127317,-0.0558266
0.0123582,-0.00547601,0.127123,-0.0563288
0.0123244,0.00393725,0.126775,0.0405003
0.0123285,0.0432219,0.126819,0.444606
0.0125499,0.0935537,0.129103,0.962401
0.0127365,0.154411,0.131038,1.58863
0.0130196,0.22249,0.133976,2.28949
0.0132855,0.263803,0.136729,2.71495
0.0135643,0.281776,0.139599,2.89993
0.0137635,0.280164,0.141632,2.88301
0.0141186,0.263524,0.145257,2.71123
0.0145867,0.236607,0.150033,2.43366
0.0152927,0.202074,0.157249,2.07785
0.0159476,0.162668,0.163934,1.67215
0.0167011,0.119736,0.171629,1.23047
0.0173863,0.0711233,0.17862,0.730695
0.0183974,-0.0223077,0.188938,-0.229095
0.0193411,-0.182502,0.198579,-1.87378
0.0201786,-0.315558,0.207223,-3.2406
0.0205779,-0.413775,0.211428,-4.25132
0.0206543,-0.484418,0.212338,-4.98011
0.0204269,-0.53385,0.210124,-5.4915
0.0201354,-0.567957,0.207231,-5.84534
0.0197584,-0.591218,0.203432,-6.08719
0.0193153,-0.607529,0.198925,-6.25686
0.0186602,-0.619366,0.192207,-6.37971
0.0180749,-0.628149,0.186184,-6.47039
0.017387,-0.641584,0.179091,-6.60848
0.0167848,-0.672848,0.172878,-6.93011
0.0160931,-0.717946,0.165747,-7.39436
0.0154575,-0.761112,0.159198,-7.83875
0.014794,-0.780469,0.152346,-8.03715
0.0141718,-0.776647,0.145906,-7.99599
0.0134732,-0.755342,0.138675,-7.77443
0.0128464,-0.724285,0.132184,-7.45262
0.0121999,-0.689856,0.125499,-7.09646
0.0116232,-0.656544,0.119539,-6.75223
0.0110272,-0.626418,0.113387,-6.44116
0.0104452,-0.600353,0.107386,-6.17218
0.0100078,-0.578287,0.102877,-5.94461
0.0097188,-0.560063,0.099898,-5.75679
0.00943457,-0.545072,0.0969716,-5.60243
0.00922327,-0.533355,0.0947979,-5.48189
0.0091039,-0.524104,0.0935713,-5.38682
0.00920892,-0.517545,0.0946528,-5.31953
0.00921427,-0.513192,0.0947111,-5.27497
0.00925873,-0.510873,0.0951723,-5.25137
0.00930006,-0.510316,0.0956017,-5.24589
0.00955214,-0.511593,0.098198,-5.25928
0.00983093,-0.514123,0.101069,-5.28555
0.0101683,-0.517871,0.104542,-5.32434
0.0103781,-0.522355,0.106704,-5.37066
0.0106996,-0.527456,0.110014,-5.42331
0.0108764,-0.532951,0.111835,-5.48
0.0111073,-0.538779,0.114213,-5.5401
0.011379,-0.544597,0.11701,-5.60009
0.0116768,-0.55051,0.120076,-5.66104
0.0118076,-0.556107,0.121423,-5.71872
0.012015,-0.56149,0.123558,-5.77419
0.012209,-0.566446,0.125555,-5.82523
0.0124323,-0.571215,0.127853,-5.87436
0.0126143,-0.575447,0.129726,-5.91794
0.0128014,-0.579312,0.131652,-5.95776
0.0128809,-0.582592,0.132471,-5.99155
0.0129593,-0.585511,0.133278,-6.02162
0.0131158,-0.587862,0.134889,-6.04586
0.0132577,-0.59002,0.13635,-6.06809
0.0134186,-0.591649,0.138004,-6.08488
0.0134909,-0.592873,0.138749,-6.09749
0.013499,-0.593621,0.138833,-6.1052
0.013536,-0.59418,0.139214,-6.11097
0.0134752,-0.594398,0.138589,-6.11323
0.0135072,-0.594498,0.138919,-6.11428
0.0135594,-0.594274,0.139456,-6.11199
0.0136071,-0.593995,0.139947,-6.10913
0.0136662,-0.593497,0.140555,-6.10402
0.0137071,-0.592974,0.140975,-6.09866
0.0137507,-0.592281,0.141424,-6.09154
0.0138208,-0.591494,0.142145,-6.08344
0.0140615,-0.590601,0.144621,-6.07425
0.0142522,-0.589754,0.146582,-6.06553
0.0144538,-0.588817,0.148656,-6.0559
0.0146113,-0.587961,0.150275,-6.04709
0.0147203,-0.587117,0.151397,-6.03843
0.0149394,-0.586435,0.15365,-6.03142
0.0150593,-0.585866,0.154883,-6.02557
0.0152588,-0.585481,0.156935,-6.02162
0.015514,-0.585067,0.15956,-6.01737
0.015726,-0.584834,0.161741,-6.01499
0.015916,-0.584611,0.163695,-6.01271
0.0160204,-0.584544,0.16477,-6.01201
0.0162418,-0.584415,0.167047,-6.01071
0.0163943,-0.58429,0.168616,-6.00943
0.0165895,-0.584194,0.170624,-6.00846
0.016837,-0.584119,0.173169,-6.0077
0.017032,-0.584111,0.175176,-6.00764
0.0172088,-0.584188,0.176995,-6.00845
0.0174419,-0.584305,0.179393,-6.00968
0.0175815,-0.584453,0.180829,-6.01121
0.0175988,-0.584601,0.181008,-6.01274
0.017736,-0.584838,0.182419,-6.0152
0.0176841,-0.585112,0.181885,-6.01803
0.0176296,-0.585442,0.181326,-6.02145
0.0176417,-0.585744,0.18145,-6.02458
0.0176223,-0.586052,0.181252,-6.02777
0.0176553,-0.58633,0.181592,-6.03065
0.0175595,-0.58655,0.180607,-6.03293
0.0174537,-0.586761,0.17952,-6.03513
0.0175138,-0.587019,0.180139,-6.0378
0.01736,-0.587193,0.178557,-6.03963
0.0172924,-0.587308,0.177863,-6.04084
0.0172028,-0.587442,0.176942,-6.04225
0.0171379,-0.588883,0.176276,-6.0571
0.0171336,-0.6177,0.176234,-6.35356
0.0172451,-0.663269,0.177388,-6.82257
0.0174058,-0.723197,0.179061,-7.43987
0.0175497,-0.775255,0.180572,-7.97672
0.0176962,-0.805585,0.182101,-8.28979
0.0177106,-0.817468,0.182257,-8.41245
0.0176538,-0.815695,0.181669,-8.39403
0.0174284,-0.80229,0.179335,-8.25544
0.0171033,-0.78045,0.175971,-8.02982
0.0165687,-0.752679,0.17045,-7.74314
0.0160348,-0.720709,0.164938,-7.41338
0.0154529,-0.685671,0.158936,-7.05225
0.0147898,-0.648708,0.152104,-6.67157
0.0140288,-0.60951,0.14427,-6.26814
0.0133965,-0.568691,0.137766,-5.84828
0.0126702,-0.515163,0.130295,-5.29773
0.0121826,-0.431599,0.125281,-4.43838
0.0117335,-0.346426,0.120681,-3.56302
0.0115374,-0.222135,0.118702,-2.28544
0.0114083,-0.12297,0.117438,-1.26587
0.0115714,-0.0493318,0.11919,-0.508138
0.0116588,0.00374257,0.120162,0.0385729
0.0117862,0.0394023,0.121534,0.406302
0.0117937,0.0633984,0.121658,0.653986
0.0117612,0.0791558,0.121351,0.816724
0.0115539,0.089985,0.119224,0.928548
0.011359,0.0974978,0.117209,1.00604
0.0110733,0.102958,0.114246,1.06225
0.010776,0.118364,0.111157,1.22095
0.0104088,0.154226,0.107349,1.59057
0.0102161,0.205098,0.105344,2.11489
0.0100221,0.248836,0.103327,2.56548
0.00994296,0.265044,0.102485,2.73188
0.00982564,0.247042,0.101236,2.54533
0.0100208,0.174442,0.103191,1.79635
0.0101051,0.0740039,0.104013,0.76173
0.0103009,-0.0212966,0.105999,-0.219147
0.0104247,-0.0984277,0.107254,-1.01267
0.0106377,-0.163727,0.109433,-1.6843
0.0106929,-0.207117,0.109988,-2.1304
0.0105312,-0.224529,0.108303,-2.30907
0.0101337,-0.221056,0.10419,-2.2728
0.00959117,-0.199152,0.0985833,-2.04699
0.00881421,-0.161534,0.0905702,-1.65984
0.00791549,-0.113102,0.0813136,-1.16186
0.00681172,-0.0509539,0.0699586,-0.523313
0.0058573,0.0532249,0.0601427,0.546513
0.00483786,0.178621,0.0496754,1.83409
0.00407635,0.276848,0.0418687,2.84354
0.00348935,0.351409,0.0358557,3.61099
0.00296887,0.408086,0.0305227,4.19549
0.00241904,0.449971,0.024882,4.62835
0.00187145,0.480834,0.0192577,4.94791
0.00142311,0.504199,0.0146492,5.1901
0.000869503,0.522847,0.00895265,5.38338
0.000257764,0.538274,0.00265441,5.54305
-0.000302226,0.55167,-0.00311246,5.68134
-0.000838709,0.578609,-0.00863756,5.95889
-0.00119884,0.622769,-0.0123467,6.41383
-0.00142649,0.672923,-0.0146919,6.93062
-0.00150322,0.70392,-0.0154816,7.24964
-0.00158945,0.711653,-0.0163673,7.32822
-0.00157061,0.700602,-0.0161694,7.21269
-0.00169975,0.678176,-0.0174939,6.97982
-0.00175387,0.650926,-0.0180455,6.69737
-0.00178077,0.623284,-0.018317,6.41107
-0.00185798,0.597549,-0.0191058,6.14465
-0.00176247,0.574785,-0.018119,5.90904
-0.00168574,0.555147,-0.0173262,5.70584
-0.00157307,0.538655,-0.0161649,5.53523
-0.00138266,0.524739,-0.0142059,5.39133
-0.00125221,0.513187,-0.0128639,5.27194
-0.00114785,0.503777,-0.0117906,5.17474
-0.00100951,0.496462,-0.0103688,5.09925
-0.000903239,0.491043,-0.00927691,5.04337
-0.000798512,0.487482,-0.0082011,5.00667
-0.000611886,0.485477,-0.00628433,4.98606
-0.0004695,0.485006,-0.004822,4.98126
-0.000329518,0.485654,-0.00338438,4.988
-0.000156207,0.487411,-0.0016044,5.00617
2.4297e-05,0.489945,0.00024956,5.03234
0.00026389,0.493245,0.00271056,5.06639
0.000394014,0.496958,0.00404726,5.1047
0.000432665,0.5011,0.00444444,5.14742
0.000532452,0.505307,0.00546966,5.19082
0.000510894,0.509675,0.0052484,5.23587
0.000469603,0.514006,0.00482438,5.28054
0.000507252,0.518502,0.00521134,5.32692
0.000529961,0.522696,0.00544483,5.37019
0.000656923,0.526628,0.00674947,5.41077
0.00089605,0.530293,0.00920667,5.44861
0.0010845,0.533746,0.0111433,5.48429
0.0012892,0.536855,0.0132471,5.51642
0.00137437,0.539688,0.0141227,5.54571
0.00141085,0.542186,0.0144981,5.57155
0.00155091,0.544364,0.0159378,5.5941
0.00170636,0.5462,0.0175358,5.61314
0.00180086,0.547632,0.0185075,5.62801
0.00189428,0.548726,0.0194681,5.63942
0.00189375,0.549456,0.0194632,5.64709
0.00189049,0.54992,0.0194302,5.65201
0.00190761,0.550018,0.0196067,5.65317
0.00197453,0.549827,0.0202951,5.65135
0.00199908,0.549492,0.0205479,5.64805
0.00210267,0.549144,0.0216131,5.64461
0.00218747,0.548647,0.0224854,5.63964
0.002369,0.548102,0.024352,5.63418
0.00245463,0.547557,0.0252329,5.62872
0.00261987,0.547038,0.0269321,5.62353
0.00272365,0.546533,0.0279998,5.61848
0.00288171,0.545981,0.0296254,5.61296
0.00305096,0.545494,0.0313661,5.60809
0.00327286,0.545023,0.0336482,5.60337
0.0035522,0.544483,0.0365209,5.59794
0.00379232,0.543976,0.0389904,5.59285
0.00414785,0.543502,0.0426467,5.58809
0.00442489,0.543084,0.0454962,5.58393
0.00473327,0.542732,0.048668,5.58043
0.00494865,0.542529,0.0508835,5.57845
0.00518735,0.542301,0.0533387,5.57619
0.00530445,0.542109,0.0545436,5.57429
0.00553714,0.541932,0.056937,5.57255
0.00573973,0.541858,0.0590209,5.57185
0.00600966,0.541688,0.0617973,5.57017
0.0061688,0.541595,0.0634345,5.56929
0.00652623,0.541411,0.0671108,5.56746
0.0067086,0.541441,0.068987,5.56783
0.00692988,0.541336,0.0712631,5.56681
0.00708396,0.541425,0.0728482,5.56777
0.0072257,0.541488,0.0743063,5.56845
0.00714692,0.541663,0.0734967,5.57029
0.00719703,0.541691,0.0740125,5.57062
0.00710568,0.541852,0.0730735,5.57231
0.00713593,0.541879,0.0733851,5.57262
0.00707322,0.542076,0.0727404,5.57466
0.00706778,0.542161,0.0726849,5.57556
0.00698981,0.542522,0.0718833,5.5793
0.00702157,0.542637,0.0722103,5.58051
0.0069197,0.542923,0.0711629,5.58347
0.00707426,0.543096,0.0727526,5.58527
0.00709663,0.567335,0.072983,5.83457
0.00725251,0.668382,0.0745957,6.87465
0.0073132,0.776774,0.0752475,7.99245
0.00767442,0.841334,0.0789906,8.65961
0.00806628,0.871994,0.083036,8.97648
0.00860997,0.880084,0.0886281,9.05929
0.00914877,0.870272,0.0941522,8.95617
0.00981685,0.846576,0.100989,8.70904
0.0105704,0.809782,0.108688,8.32643
0.011762,0.738447,0.120854,7.5875
0.0131005,0.642584,0.134515,6.598
0.0147982,0.464634,0.151856,4.76798
0.0160946,0.307061,0.165174,3.15128
0.0172273,0.18569,0.176886,1.90661
0.0177369,0.0980644,0.182236,1.00755
0.0178972,0.0358355,0.184006,0.368434
0.0176842,-0.0061167,0.181925,-0.0629251
0.0174277,-0.0340356,0.179372,-0.350307
0.0170492,-0.0527646,0.175537,-0.54326
0.0167594,-0.0658436,0.172589,-0.678059
0.0162954,-0.0750849,0.167823,-0.773284
0.0158449,-0.0913484,0.163182,-0.940768
0.015143,-0.126841,0.155949,-1.30626
0.0143748,-0.177097,0.148036,-1.8238
0.0134396,-0.224513,0.138403,-2.31206
0.0124881,-0.244026,0.128587,-2.51268
0.0115553,-0.235992,0.118953,-2.42936
0.0107593,-0.208485,0.110724,-2.14553
0.00994017,-0.171463,0.102263,-1.76398
0.00917374,-0.132231,0.0943507,-1.35997
0.00849423,-0.0943892,0.0873405,-0.970541
0.00784103,-0.0602577,0.0806075,-0.619462
0.00722542,-0.0309078,0.0742669,-0.317687
0.00657788,-0.00648588,0.0676029,-0.0666574
0.00594022,0.0137316,0.0610411,0.141105
0.00536194,0.0300009,0.0550802,0.308182
0.00483848,0.0430912,0.0496647,0.442311
0.00446257,0.0533738,0.0457394,0.547058
0.00412841,0.0613228,0.042212,0.62701
0.00390846,0.0671112,0.0398164,0.683677
0.00380405,0.0711204,0.0385506,0.720741
0.00381519,0.0734076,0.0383902,0.738662
0.00388745,0.0745166,0.038756,0.742894
0.00402393,0.0743206,0.039651,0.73234
0.00428014,0.0729498,0.0415873,0.708805
0.00462332,0.0702213,0.0441952,0.671258
0.0050442,0.066279,0.0473395,0.622024
0.0055371,0.0611297,0.050922,0.56218
0.00606351,0.0551782,0.0545532,0.496436
0.00665032,0.048589,0.0584528,0.427072
0.00718404,0.0417251,0.061619,0.357885
0.007697,0.0347634,0.0643717,0.290734
0.00822056,0.0280032,0.0669945,0.228216
0.00873366,0.0213295,0.0693217,0.169299
0.00908757,0.015088,0.0702168,0.11658
0.00950431,0.00914383,0.0714523,0.0687423
0.00998282,0.00382109,0.0730033,0.0279432
0.0105354,-0.00112113,0.0748796,-0.00796835
0.0111124,-0.00561405,0.0767141,-0.0387563
0.0117202,-0.00978278,0.0785329,-0.065551
0.0124059,-0.0136318,0.0806241,-0.0885907
0.0130017,-0.0168576,0.081883,-0.106167
0.0138116,-0.0196881,0.0842166,-0.120049
0.0148072,-0.022182,0.0873288,-0.130823
0.0159016,-0.0242925,0.090612,-0.138426
0.0170176,-0.0260054,0.0935836,-0.143009
0.0183439,-0.0274719,0.0972303,-0.145613
0.0196404,-0.0287445,0.100202,-0.146649
0.0210286,-0.0298022,0.103112,-0.146133
0.022387,-0.0305984,0.105335,-0.143971
0.0239218,-0.0313274,0.107818,-0.141195
0.0254786,-0.0319673,0.10979,-0.137751
0.0271056,-0.0326351,0.111438,-0.134172
0.0288518,-0.0333421,0.112912,-0.130485
0.0307519,-0.0342049,0.114271,-0.127102
0.0328545,-0.0352208,0.115595,-0.123921
0.0352589,-0.0364158,0.117094,-0.120936
0.0378768,-0.0376718,0.118315,-0.117674
0.0409572,-0.0391129,0.11986,-0.114463
0.0444045,-0.0407519,0.121197,-0.111227
0.0483388,-0.0428656,0.122413,-0.108552
0.0528641,-0.0454401,0.123464,-0.106125
0.0582059,-0.0487388,0.124598,-0.104332
0.0646179,-0.052868,0.125613,-0.102772
0.0725808,-0.0581979,0.12682,-0.101689
0.0824879,-0.0649742,0.127919,-0.100759
0.0953805,-0.073995,0.129174,-0.100212
0.112441,-0.0861811,0.130199,-0.0997918
0.13651,-0.103691,0.131274,-0.0997132
0.172751,-0.130214,0.132231,-0.0996714
0.234199,-0.175386,0.133333,-0.0998497
0.359841,-0.268112,0.134319,-0.100079
0.763421,-0.566515,0.135358,-0.100445
8.3309,-6.16459,0.13611,-0.100717
8.3309,-6.16459,0.13611,-0.100717
8.33088,-6.16458,0.13611,-0.100717
8.33087,-6.16457,0.13611,-0.100717
8.33085,-6.16457,0.13611,-0.100717
8.33084,-6.16456,0.13611,-0.100717
8.33082,-6.16455,0.13611,-0.100717
8.33081,-6.16454,0.13611,-0.100717
8.33079,-6.16453,0.13611,-0.100717
8.33078,-6.16452,0.13611,-0.100717
8.33076,-6.16451,0.13611,-0.100717
8.33075,-6.1645,0.13611,-0.100717
8.33073,-6.16449,0.13611,-0.100717
8.33072,-6.16448,0.13611,-0.100717
8.3307,-6.16447,0.13611,-0.100717
8.33069,-6.16446,0.13611,-0.100717
8.33067,-6.16445,0.13611,-0.100718
8.33066,-6.16444,0.13611,-0.100718
8.33064,-6.16443,0.13611,-0.100718
8.33063,-6.16442,0.13611,-0.100718
8.33061,-6.16441,0.13611,-0.100718
8.3306,-6.16441,0.13611,-0.100718
8.33058,-6.1644,0.13611,-0.100718
8.33057,-6.16439,0.13611,-0.100718
8.33055,-6.16438,0.13611,-0.100718
8.33053,-6.16437,0.13611,-0.100718
8.33052,-6.16436,0.13611,-0.100718
8.3305,-6.16435,0.13611,-0.100718
8.33049,-6.16434,0.13611,-0.100718
8.33047,-6.16433,0.13611,-0.100718
8.33045,-6.16432,0.13611,-0.100718
8.33044,-6.16431,0.13611,-0.100718
8.33042,-6.1643,0.13611,-0.100718
8.33041,-6.16429,0.13611,-0.100718
8.33039,-6.16428,0.13611,-0.100718
8.33037,-6.16427,0.13611,-0.100718
8.33036,-6.16426,0.13611,-0.100718
8.33034,-6.16425,0.13611,-0.100718
8.33033,-6.16424,0.13611,-0.100718
8.33031,-6.16423,0.13611,-0.100718
8.33029,-6.16422,0.13611,-0.100718
8.33028,-6.16421,0.13611,-0.100718
8.33026,-6.1642,0.13611,-0.100718
8.33025,-6.16419,0.13611,-0.100718
8.33023,-6.16418,0.13611,-0.100718
8.33021,-6.16417,0.13611,-0.100718
8.3302,-6.16416,0.13611,-0.100718
8.33018,-6.16415,0.13611,-0.100718
8.33017,-6.16414,0.13611,-0.100718
8.33015,-6.16413,0.13611,-0.100718
8.33014,-6.16412,0.13611,-0.100718
8.33012,-6.16411,0.13611,-0.100718
8.3301,-6.16411,0.13611,-0.100718
8.33009,-6.1641,0.13611,-0.100718
8.33007,-6.16409,0.13611,-0.100718
8.33005,-6.16408,0.13611,-0.100718
8.33004,-6.16407,0.13611,-0.100718
8.33002,-6.16406,0.13611,-0.100718
8.33001,-6.16405,0.13611,-0.100718
8.32999,-6.16404,0.13611,-0.100719
8.32997,-6.16403,0.13611,-0.100719
8.32996,-6.16402,0.13611,-0.100719
8.32994,-6.16401,0.136109,-0.100719
8.32992,-6.164,0.136109,-0.100719
8.32991,-6.16399,0.136109,-0.100719
8.32989,-6.16398,0.136109,-0.100719
8.32988,-6.16397,0.136109,-0.100719
8.32986,-6.16396,0.136109,-0.100719
8.32985,-6.16395,0.136109,-0.100719
8.32983,-6.16394,0.136109,-0.100719
8.32981,-6.16393,0.136109,-0.100719
8.3298,-6.16392,0.136109,-0.100719
8.32978,-6.16391,0.136109,-0.100719
8.32977,-6.1639,0.136109,-0.100719
8.32975,-6.16389,0.136109,-0.100719
8.32973,-6.16388,0.136109,-0.100719
8.32972,-6.16387,0.136109,-0.100719
8.3297,-6.16386,0.136109,-0.100719
8.32969,-6.16385,0.136109,-0.100719
8.32967,-6.16384,0.136109,-0.100719
8.32965,-6.16383,0.136109,-0.100719
8.32964,-6.16382,0.136109,-0.100719
8.32962,-6.16381,0.136109,-0.100719
8.32961,-6.1638,0.136109,-0.100719
